No.,Name of elected M.P.,Constituency,Party affiliation,State,Facebook,Twitter,Number of Followers,Income,Total Assets,Gender,Birthdate,Highest Education,Celebrity Status,Position in Party,Terms in LS,Positions Held,Constitituency - Average Income,Constitituency - Urban/Rural %,Industrialist?,,,
1,Ramesh Rathod,Adilabad,Telugu Desam Party,Andhra Pradesh,,No,,"34,10,000 34 L","34,10,000",M,20/10/1966,"B.A. Educated at Govt. Degree College, Adilabad, Andhra Pradesh ",,,1,"1999-2004 : Member, Andhra Pradesh State Legislative Assembly; 2006-09 : Chairman, Zilla Parishad, Adilabad ; 2009 : Elected to 15th Lok Sabha ; 31 Aug. 2009 : Member, Committee on Coal and Steel ; 23 Sep. 2009 : Member, Committee on Papers Laid on the Table",,,,,,
2,G. Vivekanand,Peddapalle,Telangana Rashtra Samithi,Andhra Pradesh,,No,,"72,95,09,682 7","72,95,09,682",M,30/11/1957,"M.B.B.S. Educated at Osmania Medical College, Hyderabad, Andhra Pradesh ",,,1,"2009 : Elected to 15th Lok Sabha ; 31 Aug. 2009 : Member, Committee on Coal and Steel; Chairman(i) Confederation of Indian Industry (CII), A.P. Chapter, (2006-2007); and (ii) Manufacturers Association",,,"Vice Chairman of Visaka industries ; news channel, V6 News ",,,
3,Ponnam Prabhakar,Karimnagar,Indian National Congress,Andhra Pradesh,,https://twitter.com/mpkarimnagar,,"12,87,000 12 L","12,87,000",M,05/08/1967,,,,,,,,,,,
4,Madhu Goud Yaskhi,Nizamabad,Indian National Congress,Andhra Pradesh,,No,,"11,91,08,338 1","11,91,08,338",M,15/12/1960,,,,,,,,,,,
5,Suresh Kumar Shetkar,Zahirabad,Indian National Congress,Andhra Pradesh,,No,,"30,11,999 30 L","30,11,999",M,08/08/1960,,,,,,,,,,,
6,Vijaya Shanthi M,Medak,Telangana Rashtra Samithi,Andhra Pradesh,,No,,"27,10,66,905 2","27,10,66,905",F,24/6/1966,,,,,,,,,,,
7,Sarvey Sathyanarayana,Malkajgiri,Indian National Congress,Andhra Pradesh,,No,,"1,01,12,521 1","1,01,12,521",M,04/04/1954,,,,,,,,,,,
8,M. Anjan Kumar Yadav,Secunderabad,Indian National Congress,Andhra Pradesh,,No,,"2,06,20,697 2","2,06,20,697",M,05/05/1961,,,,,,,,,,,
9,Asaduddin Owaisi,Hyderabad,All India Majlis-E-Ittehadul Muslimeen,Andhra Pradesh,,https://twitter.com/asadowaisi,,"93,02,233 93 L","93,02,233",M,13/05/1969,,,,,,,,,,,
10,Jaipal Reddy Sudini,Chevella,Indian National Congress,Andhra Pradesh,,No,,"5,61,50,333 5","5,61,50,333",M,16/01/1942,,,,,,,,,,,
11,K. Chandrashekar Rao,Mahbubnagar,Telangana Rashtra Samithi,Andhra Pradesh,,https://twitter.com/kcrtelangana,,"2,26,69,420 2","2,26,69,420",M,17/02/1954,,,,,,,,,,,
12,Manda Jagannath,Nagarkurnool,Telangana Rashtra Samithi,Andhra Pradesh,,No,,"2,81,26,000 2","2,81,26,000",M,22/05/1951,,,,,,,,,,,
13,Gutha Sukender Reddy,Nalgonda,Indian National Congress,Andhra Pradesh,,No,,"1,60,40,830 1","1,60,40,830",M,02/02/1954,,,,,,,,,,,
14,Komatireddy Raj Gopal Reddy,Bhongir,Indian National Congress,Andhra Pradesh,https://www.facebook.com/komatireddy.rajagopalreddy,No,,"19,47,63,617 1","19,47,63,617",M,06/01/1967,,,,,,,,,,,
15,Rajaiah Siricilla,Warangal,Indian National Congress,Andhra Pradesh,,No,,"42,24,704 42 L","42,24,704",M,09/05/1953,,,,,,,,,,,
16,Balram Porika Naik,Mahabubabad,Indian National Congress,Andhra Pradesh,,No,,"1,71,95,194 1","1,71,95,194",M,06/06/1964,,,,,,,,,,,
17,Nama Nageswara Rao,Khammam,Telugu Desam Party,Andhra Pradesh,,No,,"1,73,75,08,133","1,73,75,08,133",M,15/03/1957,,,,,,,,,,,
18,Kishore Chandra Suryanarayana Deo Vyricherla,Aruku,Indian National Congress,Andhra Pradesh,,No,,"3,74,10,000","3,74,10,000",M,15/02/1947,,,,,,,,,,,
19,Killi Krupa Rani,Srikakulam,Indian National Congress,Andhra Pradesh,,https://twitter.com/DrKilliKruparan,,"1,96,81,160 1","1,96,81,160",F,19/11/1965,,,,,,,,,,,
20,Jhansi Lakshmi Botcha,Vizianagaram,Indian National Congress,Andhra Pradesh,,No,,"2,29,51,539 2","2,29,51,539",F,04/11/1964,,,,,,,,,,,
21,Daggubati Purandeswari,Visakhapatnam,Indian National Congress,Andhra Pradesh,,No,,"20,26,39,261 2","20,26,39,261",F,22/04/1959,,,,,,,,,,,
22,Sabbam Hari,Anakapalli,Indian National Congress,Andhra Pradesh,,https://twitter.com/sabbamhari,,"8,50,32,286","8,50,32,286",M,06/01/1952,,,,,,,,,,,
23,Mallipudi Raju Pallam Mangapati,Kakinada,Indian National Congress,Andhra Pradesh,,https://twitter.com/Pallamrajumm,,"6,55,89,882 6","6,55,89,882",M,31/08/1962,,,,,,,,,,,
24,G. V. Harsha Kumar,Amalapuram,Indian National Congress,Andhra Pradesh,,https://twitter.com/Harsha1gvk,,"70,89,000 70 L","70,89,000",M,06/09/1959,,,,,,,,,,,
25,Aruna Kumar Vundavalli,Rajahmundry,Indian National Congress,Andhra Pradesh,,No,,"1,30,73,077 1","1,30,73,077",M,08/04/1954,,,,,,,,,,,
26,Bapiraju Kanumuru,Narasapur,Indian National Congress,Andhra Pradesh,,No,,"3,05,74,013","3,05,74,013",M,25/06/1947,,,,,,,,,,,
27,Kavuri Sambasiva Rao,Eluru,Indian National Congress,Andhra Pradesh,,No,,"12,27,33,111 1","12,27,33,111",M,10/02/1943,,,,,,,,,,,
28,Konakalla Narayana Rao,Machilipatnam,Telugu Desam Party,Andhra Pradesh,,No,,"86,16,000 86 L","86,16,000",M,05/04/1950,,,,,,,,,,,
29,Rajagopal Lagadapati,Vijayawada,Indian National Congress,Andhra Pradesh,,https://twitter.com/LRajagopalMp,,"1,22,29,64,909","1,22,29,64,909",M,16/02/1964,,,,,,,,,,,
30,Sambasiva Rayapati Rao,Guntur,Indian National Congress,Andhra Pradesh,,No,,"14,71,43,582 1","14,71,43,582",M,07/06/1943,,,,,,,,,,,
31,Modugula Venugopala Reddy,Narasaraopet,Telugu Desam Party,Andhra Pradesh,,No,,"2,74,93,309 2","2,74,93,309",M,29/05/1966,,,,,,,,,,,
32,Lakshmi Panabaka,Bapatla,Indian National Congress,Andhra Pradesh,,No,,"1,73,87,066 1","1,73,87,066",F,06/10/1958,,,,,,,,,,,
33,Magunta Sreenivasulu Reddy,Ongole,Indian National Congress,Andhra Pradesh,,No,,"10,08,50,672 1","10,08,50,672",M,15/10/1953,,,,,,,,,,,
34,S. P. Y. Reddy,Nandyal,Indian National Congress,Andhra Pradesh,,No,,"9,28,71,000 9","9,28,71,000",M,06/04/1950,,,,,,,,,,,
35,Kotla Jayasurya Prakasha Reddy,Kurnool,Indian National Congress,Andhra Pradesh,,No,,"5,37,19,195 5","5,37,19,195",M,18/09/1951,,,,,,,,,,,
36,Anantha Venkatarami Reddy,Anantapur,Indian National Congress,Andhra Pradesh,,No,,"1,30,15,000 1","1,30,15,000",M,#N/A,,,,,,,,,,,
37,Kristappa Nimmala,Hindupur,Telugu Desam Party,Andhra Pradesh,,No,,"1,57,10,800 1","1,57,10,800",M,#N/A,,,,,,,,,,,
38,Y. S. Jagan Mohan Reddy,Kadapa,YSR Congress Party,Andhra Pradesh,https://www.facebook.com/pages/YSJagan-Mohan-Reddy/134318993255243,https://twitter.com/JaganTheLeader ,,"72,81,51,658 7","72,81,51,658",M,21/12/1972,,,,,,,,,,,
39,Mekapati Rajamohan Reddy,Nellore,YSR Congress Party,Andhra Pradesh,,No,,"36,34,62,696 3","36,34,62,696",M,06/11/1944,,,,,,,,,,,
40,Chinta Mohan,Tirupathi,Indian National Congress,Andhra Pradesh,,No,,"55,12,900","55,12,900",M,#N/A,,,,,,,,,,,
41,Sai Prathap Annayyagari,Rajampet,Indian National Congress,Andhra Pradesh,,No,,"62,28,356 62 L","62,28,356",M,20/09/1944,,,,,,,,,,,
42,Naramalli Sivaprasad,Chittoor,Telugu Desam Party,Andhra Pradesh,,No,,"60,11,000 60 L","60,11,000",M,07/11/1951,,,,,,,,,,,
43,Takam Sanjoy,Arunachal West,Indian National Congress,Arunachal Pradesh,,No,,"2,41,37,021","2,41,37,021",M,15/05/1967,,,,,,,,,,,
44,Ninong Ering,Arunachal East,Indian National Congress,Arunachal Pradesh,,No,,"10,43,20,000 1","10,43,20,000",M,01/03/1959,,,,,,,,,,,
45,Lalit Mohan Suklabaidya,Karimganj,Indian National Congress,Assam,,No,,"46,44,051 46 L","46,44,051",M,12/01/1942,,,,,,,,,,,
46,Kabindra Purkayastha,Silchar,Bharatiya Janata Party,Assam,,No,,"20,98,543 20 L","20,98,543",M,15/12/1931,,,,,,,,,,,
47,Biren Singh Engti,Autonomous District,Indian National Congress,Assam,,No,,"2,52,97,069","2,52,97,069",M,03/02/1945,,,,,,,,,,,
48,Badruddin Ajmal,Dhubri,Assam United Democratic Front,Assam,https://twitter.com/AIUDFCommunity,No,,"30,35,21,001 3","30,35,21,001",M,02/12/1950,,,,,,,,,,,
49,Sansuma Khunggur Bwiswmuthiary,Kokrajhar,Bodaland Peoples Front,Assam,,No,,"49,54,903 49 L","49,54,903",M,01/01/1960,,,,,,,,,,,
50,Ismail Hussain,Barpeta,Indian National Congress,Assam,,No,,"99,31,726 99 L","99,31,726",M,04/01/1950,,,,,,,,,,,
51,Bijoya Chakravarty,Gauhati,Bharatiya Janata Party,Assam,,No,,"23,70,000 23 L","23,70,000",F,10/07/1939,,,,,,,,,,,
52,Ramen Deka,Mangaldoi,Bharatiya Janata Party,Assam,,No,,"75,79,967 75 L","75,79,967",M,03/01/1954,,,,,,,,,,,
53,Joseph Toppo,Tezpur,Asom Gana Parishad,Assam,,No,,"9,36,292 9 Lacs","9,36,292",M,05/02/1954,,,,,,,,,,,
54,Rajen Gohain,Nowgong,Bharatiya Janata Party,Assam,,No,,"1,02,90,891 1","1,02,90,891",M,#N/A,,,,,,,,,,,
55,Dip Gogoi,Kaliabor,Indian National Congress,Assam,,No,,"25,39,058 25 L","25,39,058",M,17/12/1951,,,,,,,,,,,
56,Bijoy Krishna Handique,Jorhat,Indian National Congress,Assam,,No,,"1,54,28,123 1","1,54,28,123",M,12/01/1934,,,,,,,,,,,
57,Paban Singh Ghatowar,Dibrugarh,Indian National Congress,Assam,,https://twitter.com/PSGhatowar,,"98,04,014 98 L","98,04,014",M,12/06/1950,,,,,,,,,,,
58,Ranee Narah,Lakhimpur,Indian National Congress,Assam,,https://twitter.com/raneenarah,,"5,39,76,290 5","5,39,76,290",F,#N/A,,,,,,,,,,,
59,Baidyanath Prasad Mahto,Valmiki Nagar,Janata Dal (United),Bihar,,No,,"44,28,802 44 L","44,28,802",M,06/02/1947,,,,,,,,,,,
60,Sanjay Jaiswal,Paschim Champaran,Bharatiya Janata Party,Bihar,,No,,"1,07,51,454","1,07,51,454",M,29/11/1965,,,,,,,,,,,
61,Radha Mohan Singh,Purvi Champaran,Bharatiya Janata Party,Bihar,,No,,"76,29,444","76,29,444",M,09/01/1949,,,,,,,,,,,
62,Rama Devi,Sheohar,Bharatiya Janata Party,Bihar,,No,,"2,60,43,859 2","2,60,43,859",F,05/05/1949,,,,,,,,,,,
63,Arjun Roy,Sitamarhi,Janata Dal (United),Bihar,,No,,"29,07,058 29 L","29,07,058",M,01/02/1972,,,,,,,,,,,
64,Hukmadeo Narayan Yadav,Madhubani,Bharatiya Janata Party,Bihar,,No,,"2,50,12,430 2","2,50,12,430",M,17/11/1939,,,,,,,,,,,
65,Mangani Lal Mandal,Jhanjharpur,Janata Dal (United),Bihar,,No,,"53,98,793 53 L","53,98,793",M,07/01/1948,,,,,,,,,,,
66,Vishwa Mohan Kumar,Supaul,Janata Dal (United),Bihar,,No,,"66,89,616 66 L","66,89,616",M,22/01/1958,,,,,,,,,,,
67,Pradeep Kumar Singh,Araria,Bharatiya Janata Party,Bihar,,No,,"2,57,014 2 Lacs","2,57,014",M,29/12/1964,,,,,,,,,,,
68,Mohammad Asrarul Haque,Kishanganj,Indian National Congress,Bihar,,No,,"39,96,860 39 L","39,96,860",M,#N/A,,,,,,,,,,,
69,Nikhil Kumar Choudhary,Katihar,Bharatiya Janata Party,Bihar,,No,,"80,18,754 80 L","80,18,754",M,12/06/1945,,,,,,,,,,,
70,Uday Singh,Purnia,Bharatiya Janata Party,Bihar,,https://twitter.com/udaysingh1,,"41,90,30,669 4","41,90,30,669",M,11/09/1952,,,,,,,,,,,
71,Sharad Yadav,Madhepura,Janata Dal (United),Bihar,,https://twitter.com/Thesharadyadav,,"1,41,07,050 1","1,41,07,050",M,07/01/1947,,,,,,,,,,,
72,Kirti Azad,Darbhanga,Bharatiya Janata Party,Bihar,,https://twitter.com/KirtiAzadMP,,"97,89,047 97 L","97,89,047",M,01/02/1959,,,,,,,,,,,
73,Jai Narain Prasad Nishad,Muzaffarpur,Janata Dal (United),Bihar,,No,,"1,51,48,831 1","1,51,48,831",M,18/11/1930,,,,,,,,,,,
74,Raghuvansh Prasad Singh,Vaishali,Rashtriya Janata Dal,Bihar,,No,,"61,69,238 61 L","61,69,238",M,06/06/1946,,,,,,,,,,,
75,Purnmasi Ram,Gopalganj,Janata Dal (United),Bihar,,No,,"33,18,062 33 L","33,18,062",M,01/05/1950,,,,,,,,,,,
76,Om Prakash Yadav,Siwan,Independent,Bihar,,https://twitter.com/opyadavmp,,"30,32,500 30 L","30,32,500",M,23/03/1962,,,,,,,,,,,
77,Prabhunath Singh,Maharajganj,Rashtriya Janata Dal,Bihar,,No,,"1,70,50,000 1","1,70,50,000",M,20/11/1953,,,,,,,,,,,
78,Lalu Prasad,Saran,Rashtriya Janata Dal,Bihar,,No,,"3,17,02,693 3","3,17,02,693",M,06/11/1948,,,,,,,,,,,
79,Ram Sundar Das,Hajipur,Janata Dal (United),Bihar,,No,,"30,31,466 30 L","30,31,466",M,01/09/1921,,,,,,,,,,,
80,Aswamedh Devi,Ujiarpur,Janata Dal (United),Bihar,,No,,"1,05,36,274 1","1,05,36,274",F,18/09/1967,,,,,,,,,,,
81,Maheshwar Hazari,Samastipur,Janata Dal (United),Bihar,,No,,"66,94,921 66 L","66,94,921",M,#N/A,,,,,,,,,,,
82,Monazir Hassan,Begusarai,Janata Dal (United),Bihar,,No,,"35,83,898 35 L","35,83,898",M,02/05/1957,,,,,,,,,,,
83,Dinesh Chandra Yadav,Khagaria,Janata Dal (United),Bihar,,No,,"72,05,506 72 L","72,05,506",M,07/01/1951,,,,,,,,,,,
84,Syed Shahnawaz Hussain,Bhagalpur,Bharatiya Janata Party,Bihar,,https://twitter.com/ShahnawazBJP,,"74,72,000 74 L","74,72,000",M,12/12/1968,,,,,,,,,,,
85,Putul Kumari,Banka,Independent,Bihar,,No,,"4,20,64,000 4","4,20,64,000",F,16/11/1958,,,,,,,,,,,
86,Rajiv Ranjan Singh Alias Lalan Singh,Munger,Janata Dal (United),Bihar,,No,,"1,19,96,586 1","1,19,96,586",M,24/01/1955,,,,,,,,,,,
87,Kaushalendra Kumar,Nalanda,Janata Dal (United),Bihar,,No,,"71,33,058 71 L","71,33,058",M,13/01/1959,,,,,,,,,,,
88,Shatrughan Sinha,Patna Sahib,Bharatiya Janata Party,Bihar,,https://twitter.com/ShotgunShoots,,"15,00,33,976 1","15,00,33,976",M,15/07/1946,,,,,,,,,,,
89,Ranjan Prasad Yadav,Pataliputra,Janata Dal (United),Bihar,,No,,"1,53,19,000 1","1,53,19,000",M,18/04/1945,,,,,,,,,,,
90,Meena Singh,Arrah,Janata Dal (United),Bihar,,No,,"4,24,36,500 4","4,24,36,500",F,01/01/1962,,,,,,,,,,,
91,Jagada Nand Singh,Buxar,Rashtriya Janata Dal,Bihar,,No,,"66,14,488 66 L","66,14,488",M,15/07/1945,,,,,,,,,,,
92,Meira Kumar,Sasaram,Indian National Congress,Bihar,,No,,"10,15,65,500 1","10,15,65,500",F,31/03/1945,,,,,,,,,,,
93,Mahabali Singh,Karakat,Janata Dal (United),Bihar,,No,,"61,94,257 61 L","61,94,257",M,20/04/1955,,,,,,,,,,,
94,Jagdish Sharma,Jahanabad,Janata Dal (United),Bihar,,No,,"1,34,63,781 1","1,34,63,781",M,10/01/1950,,,,,,,,,,,
95,Sushil Kumar Singh,Aurangabad,Janata Dal (United),Bihar,,No,,"2,08,87,871 2","2,08,87,871",M,27/06/1963,,,,,,,,,,,
96,Hari Manjhi,Gaya,Bharatiya Janata Party,Bihar,,No,,"14,71,374 14 L","14,71,374",M,28/01/1963,,,,,,,,,,,
97,Bhola Singh,Nawada,Bharatiya Janata Party,Bihar,,No,,"38,93,000 38 L","38,93,000",M,01/03/1939,,,,,,,,,,,
98,Bhudeo Choudhary,Jamui,Janata Dal (United),Bihar,,No,,"40,79,000 40 L","40,79,000",M,#N/A,,,,,,,,,,,
99,Murarilal Singh,Sarguja,Bharatiya Janata Party,Chhattisgarh,,No,,"57,34,334","57,34,334",M,#N/A,,,,,,,,,,,
100,Vishnu Deo Sai,Raigarh,Bharatiya Janata Party,Chhattisgarh,,No,,"23,02,000 23 L","23,02,000",M,#N/A,,,,,,,,,,,
101,Kamla Devi Patle,Janjgir-Champa,Bharatiya Janata Party,Chhattisgarh,,No,,"35,56,426 35 L","35,56,426",F,05/05/1966,,,,,,,,,,,
102,Charan Das Mahant,Korba,Indian National Congress,Chhattisgarh,,https://twitter.com/charandmahant,,"4,27,04,354 4","4,27,04,354",M,13/12/1954,,,,,,,,,,,
103,Vacant,Bilaspur,Vacant[2],Chhattisgarh,,,,"2,33,77,724 2","2,33,77,724",M,#N/A,,,,,,,,,,,
104,Madhusudan Yadav,Rajnandgaon,Bharatiya Janata Party,Chhattisgarh,,No,,"11,65,680 11 L","11,65,680",M,22/08/1970,,,,,,,,,,,
105,Saroj Pandey,Durg,Bharatiya Janata Party,Chhattisgarh,,https://twitter.com/SarojPandeyBJP,,"3,79,787 3 Lacs","3,79,787",F,#N/A,,,,,,,,,,,
106,Ramesh Bais,Raipur,Bharatiya Janata Party,Chhattisgarh,,No,,"2,24,76,391 2","2,24,76,391",M,08/02/1947,,,,,,,,,,,
107,Chandulal Sahu (Chandu Bhaiya),Mahasamund,Bharatiya Janata Party,Chhattisgarh,,No,,"68,05,000 68 L","68,05,000",M,#N/A,,,,,,,,,,,
108,Dinesh Kashyap,Bastar,Bharatiya Janata Party,Chhattisgarh,,No,,"99,48,590 99 L","99,48,590",M,18/11/1962,,,,,,,,,,,
109,Sohan Potai,Kanker,Bharatiya Janata Party,Chhattisgarh,,No,,"82,61,296 82 L","82,61,296",M,29/04/1958,,,,,,,,,,,
110,Shripad Yasso Naik,North Goa,Bharatiya Janata Party,Goa,,No,,"98,97,462 98 L","98,97,462",M,10/04/1952,,,,,,,,,,,
111,Francisco Sardinha,South Goa,Indian National Congress,Goa,,No,,"2,94,73,470 2","2,94,73,470",M,15/04/1946,,,,,,,,,,,
112,Poonamben Veljibhai Jat,Kachchh,Bharatiya Janata Party,Gujarat,,No,,"5,24,126 5 Lacs","5,24,126",F,04/09/1971,,,,,,,,,,,
113,Haribhai Chaudhary,Banaskantha,Bharatiya Janata Party,Gujarat,,https://twitter.com/Haribhaip,,"2,09,45,639 2","2,09,45,639",M,20/07/1954,,,,,,,,,,,
114,Jagdish Thakor,Patan,Indian National Congress,Gujarat,,https://twitter.com/jagdishthakormp,,"50,44,198 50 L","50,44,198",M,07/01/1957,,,,,,,,,,,
115,Jayshreeben Patel,Mahesana,Bharatiya Janata Party,Gujarat,,https://twitter.com/JayshreebenPate,,"33,43,068 33 L","33,43,068",F,22/06/1959,,,,,,,,,,,
116,Mahendrasinh Chauhan,Sabarkantha,Bharatiya Janata Party,Gujarat,,https://twitter.com/MpChauhan53,,"88,42,370 88 L","88,42,370",M,11/01/1953,,,,,,,,,,,
117,L. K. Advani,Gandhinagar,Bharatiya Janata Party,Gujarat,,https://twitter.com/LKAdvaniBJP,,"3,55,43,172 3","3,55,43,172",M,11/08/1927,,,,,,,,,,,
118,Harin Pathak,Ahmedabad East,Bharatiya Janata Party,Gujarat,,https://twitter.com/harinpathakmp,,"1,34,74,484","1,34,74,484",M,20/07/1947,,,,,,,,,,,
119,Solanki Kiritbhai Premajibhai,Ahmedabad West,Bharatiya Janata Party,Gujarat,,No,,"2,61,22,439","2,61,22,439",M,17/06/1950,,,,,,,,,,,
120,Somabhai Gandalal Koli Patel,Surendranagar,Indian National Congress,Gujarat,,No,,"1,86,35,718 1","1,86,35,718",M,08/10/1940,,,,,,,,,,,
121,Kuvarjibhai Mohanbhai Bavalia,Rajkot,Indian National Congress,Gujarat,,No,,"45,60,852 45 L","45,60,852",M,#N/A,,,,,,,,,,,
122,Vitthalbhai Hansrajbhai Radadiya,Porbandar,Bharatiya Janata Party,Gujarat,,https://twitter.com/VitthalRadadiya,,"2,06,75,722 2","2,06,75,722",M,11/08/1958,,,,,,,,,,,
123,Ahir Vikrambhai Arjanbhai Madam,Jamnagar,Indian National Congress,Gujarat,,No,,"1,55,90,109 1","1,55,90,109",M,23/03/1958,,,,,,,,,,,
124,Solanki Dinubhai Boghabhai,Junagadh,Bharatiya Janata Party,Gujarat,,No,,"1,94,60,865 1","1,94,60,865",M,#N/A,,,,,,,,,,,
125,Kachhadia Naranbhai,Amreli,Bharatiya Janata Party,Gujarat,,No,,"47,48,283 47 L","47,48,283",M,#N/A,,,,,,,,,,,
126,Rajendrasinh Ghanshyamsinh Rana (Rajubhai Rana),Bhavnagar,Bharatiya Janata Party,Gujarat,,No,,"55,08,711 55 L","55,08,711",M,22/05/1956,,,,,,,,,,,
127,Bharatsinh Solanki,Anand,Indian National Congress,Gujarat,,No,,"3,09,18,994 3","3,09,18,994",M,26/11/1953,,,,,,,,,,,
128,Dinsha Patel,Kheda,Indian National Congress,Gujarat,,No,,"2,30,65,019 2","2,30,65,019",M,25/05/1937,,,,,,,,,,,
129,Prabhatsinh Pratapsinh Chauhan,Panchmahal,Bharatiya Janata Party,Gujarat,,No,,"72,55,000 72 L","72,55,000",M,15/06/1941,,,,,,,,,,,
130,Prabha Kishor Taviad,Dahod,Indian National Congress,Gujarat,,No,,"68,23,687 68 L","68,23,687",F,09/01/1954,,,,,,,,,,,
131,Balkrishna Khanderao Shukla (Balu Shukla),Vadodara,Bharatiya Janata Party,Gujarat,,https://twitter.com/balu_shukla / https://twitter.com/BaluShukla,,"26,62,058 26 L","26,62,058",M,09/11/1963,,,,,,,,,,,
132,Rathwa Ramsingbhai Patalbhai,Chhota Udaipur,Bharatiya Janata Party,Gujarat,,No,,"1,10,64,285","1,10,64,285",M,#N/A,,,,,,,,,,,
133,Mansukhbhai Vasava,Bharuch,Bharatiya Janata Party,Gujarat,,No,,"24,41,000 24 L","24,41,000",M,06/01/1957,,,,,,,,,,,
134,Tushar Amarsinh Chaudhary,Bardoli,Indian National Congress,Gujarat,,No,,"22,13,661 22 L","22,13,661",M,18/12/1965,,,,,,,,,,,
135,Darshana Vikram Jardosh,Surat,Bharatiya Janata Party,Gujarat,,https://twitter.com/darshanajardosh,,"90,21,338 90 L","90,21,338",F,21/01/1961,,,,,,,,,,,
136,Chandrakant Raghunath Patil,Navsari,Bharatiya Janata Party,Gujarat,,No,,"24,20,83,697 2","24,20,83,697",M,#N/A,,,,,,,,,,,
137,Selja Kumari,Ambala,Indian National Congress,Haryana,,No,,"4,67,11,386 4","4,67,11,386",F,#N/A,,,,,,,,,,,
138,Naveen Jindal,Kurukshetra,Indian National Congress,Haryana,,https://twitter.com/MPNaveenJindal,,"1,31,07,30,000","1,31,07,30,000",M,03/09/1970,,,,,,,,,,,
139,Ashok Tanwar,Sirsa,Indian National Congress,Haryana,,No,,"2,36,64,959 2","2,36,64,959",M,02/12/1976,,,,,,,,,,,
140,Kuldeep Bishnoi,Hisar,Haryana Janhit Congress (BL),Haryana,,https://twitter.com/bishnoikuldeep,,"6,51,13,381 6","6,51,13,381",M,22/09/1968,,,,,,,,,,,
141,Arvind Kumar Sharma,Karnal,Indian National Congress,Haryana,,No,,"1,90,71,256 1","1,90,71,256",M,10/12/1963,,,,,,,,,,,
142,Jitender Singh Malik,Sonipat,Indian National Congress,Haryana,,No,,"17,79,080 17 L","17,79,080",M,02/12/1970,,,,,,,,,,,
143,Deepender Singh Hooda,Rohtak,Indian National Congress,Haryana,,https://twitter.com/DeependerSHooda,,"6,53,67,032 6","6,53,67,032",M,01/04/1978,,,,,,,,,,,
144,Shruti Choudhry,Bhiwani-Mahendragarh,Indian National Congress,Haryana,,No,,"16,72,66,000","16,72,66,000",F,#N/A,,,,,,,,,,,
145,Inderjit Singh Rao,Gurgaon,Indian National Congress,Haryana,,No,,"6,73,83,257 6","6,73,83,257",M,#N/A,,,,,,,,,,,
146,Avtar Singh Bhadana,Faridabad,Indian National Congress,Haryana,,No,,"4,05,73,585 4","4,05,73,585",M,17/12/1957,,,,,,,,,,,
147,Pratibha Singh,Mandi,Indian National Congress,Himachal Pradesh,,No,,"22,52,28,748 2","22,52,28,748",F,16/06/1956,,,,,,,,,,,
148,Rajan Sushant,Kangra,Bharatiya Janata Party,Himachal Pradesh,,No,,"1,10,24,873 1","1,10,24,873",M,30/05/1955,,,,,,,,,,,
149,Anurag Singh Thakur,Hamirpur,Bharatiya Janata Party,Himachal Pradesh,,https://twitter.com/ianuragthakur,,"4,29,33,979 4","4,29,33,979",M,22/10/1940,,,,,,,,,,,
150,Virender Kashyap,Shimla,Bharatiya Janata Party,Himachal Pradesh,,No,,"34,34,928 34 L","34,34,928",M,09/05/1950,,,,,,,,,,,
151,Sharifuddin Shariq,Baramulla,Jammu & Kashmir National Conference,Jammu & Kashmir,,No,,"1,19,55,000 1","1,19,55,000",M,13/03/1935,,,,,,,,,,,
152,Farooq Abdullah,Srinagar,Jammu & Kashmir National Conference,Jammu & Kashmir,,https://twitter.com/FarooqAbdullah_,,"9,78,41,140 9","9,78,41,140",M,21/10/1937,,,,,,,,,,,
153,Mirza Mehboob Beg,Anantnag,Jammu & Kashmir National Conference,Jammu & Kashmir,,https://twitter.com/OfficeDrBegJKNC,,"48,50,000 48 L","48,50,000",M,09/04/1949,,,,,,,,,,,
154,Hassan Khan,Ladakh,Independent,Jammu & Kashmir,,No,,"60,65,000 60 L","60,65,000",M,12/11/1936,,,,,,,,,,,
155,Ch. Lal Singh,Udhampur,Indian National Congress,Jammu & Kashmir,,No,,"17,62,378 17 L","17,62,378",M,02/02/1959,,,,,,,,,,,
156,Madan Lal Sharma,Jammu,Indian National Congress,Jammu & Kashmir,,No,,"1,18,82,734 1","1,18,82,734",M,#N/A,,,,,,,,,,,
157,Devidhan Besra,Rajmahal,Bharatiya Janata Party,Jharkhand,,No,,"48,28,559 48 L","48,28,559",M,#N/A,,,,,,,,,,,
158,Shibu Soren,Dumka,Jharkhand Mukti Morcha,Jharkhand,,No,,"82,29,419 82 L","82,29,419",M,01/11/1944,,,,,,,,,,,
159,Nishikant Dubey,Godda,Bharatiya Janata Party,Jharkhand,,No,,"11,15,37,987 1","11,15,37,987",M,#N/A,,,,,,,,,,,
160,Inder Singh Namdhari,Chatra,Independent,Jharkhand,,No,,"2,12,77,657 2","2,12,77,657",M,09/10/1942,,,,,,,,,,,
161,Babulal Marandi,Kodarma,Jharkhand Vikas Morcha (Prajatantrik),Jharkhand,,https://twitter.com/babulalmarandi,,"21,37,675 21 L","21,37,675",M,01/11/1958,,,,,,,,,,,
162,Ravindra Kumar Pandey,Giridih,Bharatiya Janata Party,Jharkhand,,No,,"3,27,22,762 3","3,27,22,762",M,20/01/1959,,,,,,,,,,,
163,Pashupati Nath Singh,Dhanbad,Bharatiya Janata Party,Jharkhand,,No,,"39,43,516 39 L","39,43,516",M,07/11/1949,,,,,,,,,,,
164,Subodh Kant Sahay,Ranchi,Indian National Congress,Jharkhand,,No,,"2,78,54,918 2","2,78,54,918",M,07/02/1951,,,,,,,,,,,
165,Ajay Kumar,Jamshedpur,Jharkhand Vikas Morcha (Prajatantrik),Jharkhand,,No,,"1,23,84,895 1","1,23,84,895",M,08/10/1962,,,,,,,,,,,
166,Madhu Koda,Singhbhum,Independent,Jharkhand,,No,,"98,32,144 98 L","98,32,144",M,01/06/1971,,,,,,,,,,,
167,Karia Munda,Khunti,Bharatiya Janata Party,Jharkhand,,No,,"59,89,638 59 L","59,89,638",M,20/04/1936,,,,,,,,,,,
168,Sudarshan Bhagat,Lohardaga,Bharatiya Janata Party,Jharkhand,,No,,"30,93,207 30 L","30,93,207",M,#N/A,,,,,,,,,,,
169,Kameshwar Baitha,Palamau,Jharkhand Mukti Morcha,Jharkhand,,No,,"5,70,000 5 Lacs","5,70,000",M,#N/A,,,,,,,,,,,
170,Yashwant Sinha,Hazaribagh,Bharatiya Janata Party,Jharkhand,,https://twitter.com/sinhayashwant,,"4,07,76,217 4","4,07,76,217",M,11/06/1937,,,,,,,,,,,
171,Katti Ramesh Vishwanath,Chikkodi,Bharatiya Janata Party,Karnataka,,No,,"2,59,00,932 2","2,59,00,932",M,21/10/1964,,,,,,,,,,,
172,Angadi Suresh Channabasappa,Belgaum,Bharatiya Janata Party,Karnataka,,No,,"16,43,44,263 1","16,43,44,263",M,06/01/1955,,,,,,,,,,,
173,Gaddigoudar P. C.,Bagalkot,Bharatiya Janata Party,Karnataka,,No,,"1,67,62,000 1","1,67,62,000",M,06/01/1951,,,,,,,,,,,
174,Ramesh Jigajinagi,Bijapur,Bharatiya Janata Party,Karnataka,,No,,"1,17,53,725 1","1,17,53,725",M,28/06/1952,,,,,,,,,,,
175,Mallikarjun Kharge,Gulbarga,Indian National Congress,Karnataka,,No,,"5,06,46,534 5","5,06,46,534",M,#N/A,,,,,,,,,,,
176,Sanna Pakirappa,Raichur,Bharatiya Janata Party,Karnataka,,No,,"77,36,230 77 L","77,36,230",M,#N/A,,,,,,,,,,,
177,Dharam Singh,Bidar,Indian National Congress,Karnataka,,No,,"14,23,94,558 1","14,23,94,558",M,25/12/1936,,,,,,,,,,,
178,Shivaramagouda Shivanagouda,Koppal,Bharatiya Janata Party,Karnataka,,No,,"1,45,18,988 1","1,45,18,988",M,02/03/1954,,,,,,,,,,,
179,J. Shantha,Bellary,Bharatiya Janata Party,Karnataka,,No,,"4,65,72,264 4","4,65,72,264",F,#N/A,,,,,,,,,,,
180,Shivkumar Chanabasappa Udasi,Haveri,Bharatiya Janata Party,Karnataka,,No,,"48,25,11,568 4","48,25,11,568",M,20/05/1967,,,,,,,,,,,
181,Pralhad Joshi,Dharwad,Bharatiya Janata Party,Karnataka,,No,,"1,54,70,667 1","1,54,70,667",M,#N/A,,,,,,,,,,,
182,Ananthkumar Hegde,Uttara Kannada,Bharatiya Janata Party,Karnataka,,No,,"64,27,192","64,27,192",M,20/05/1968,,,,,,,,,,,
183,G.M. Siddeswara,Davanagere,Bharatiya Janata Party,Karnataka,,No,,"14,02,48,867 1","14,02,48,867",M,07/05/1952,,,,,,,,,,,
184,B. Y. Raghavendra,Shimoga,Bharatiya Janata Party,Karnataka,,https://twitter.com/raghuby,,"6,68,73,401 6","6,68,73,401",M,16/08/1973,,,,,,,,,,,
185,K. Jayaprakash Hegde,Udupi Chikmagalur,Indian National Congress,Karnataka,,No,,"1,43,75,959","1,43,75,959",M,16/10/1952,,,,,,,,,,,
186,H. D. Devegowda,Hassan,Janata Dal (Secular),Karnataka,,No,,"1,96,72,157 1","1,96,72,157",M,18/05/1933,,,,,,,,,,,
187,Nalin Kumar Kateel,Dakshina Kannada,Bharatiya Janata Party,Karnataka,,https://twitter.com/NalinKumrKateel,,"53,91,279","53,91,279",M,#N/A,,,,,,,,,,,
188,Janardhana Swamy,Chitradurga,Bharatiya Janata Party,Karnataka,,No,,"2,28,36,000 2","2,28,36,000",M,06/04/1968,,,,,,,,,,,
189,G.S. Basavaraj,Tumkur,Bharatiya Janata Party,Karnataka,,No,,"5,43,82,029 5","5,43,82,029",M,05/04/1941,,,,,,,,,,,
190,Divya Spandana a.k.a Ramya,Mandya,Indian National Congress,Karnataka,,https://twitter.com/divyaspandana,,"5,41,68,804 5","5,41,68,804",F,29/11/1982,,,,,,,,,,,
191,Adagur H. Vishwanath,Mysore,Indian National Congress,Karnataka,,No,,"2,82,91,172 2","2,82,91,172",M,15/12/1949,,,,,,,,,,,
192,R.Dhruvanarayana,Chamarajanagar,Indian National Congress,Karnataka,,No,,"1,67,29,619","1,67,29,619",M,#N/A,,,,,,,,,,,
193,D K Suresh,Bangalore Rural,Indian National Congress,Karnataka,,No,,"48,47,88,381","48,47,88,381",M,#N/A,,,,,,,,,,,
194,D.B. Chandre Gowda,Bangalore North,Bharatiya Janata Party,Karnataka,,No,,"2,08,40,751","2,08,40,751",M,26/08/1936,,,,,,,,,,,
195,P. C. Mohan,Bangalore Central,Bharatiya Janata Party,Karnataka,,No,,"5,37,29,000","5,37,29,000",M,24/07/1963,,,,,,,,,,,
196,Ananth Kumar,Bangalore South,Bharatiya Janata Party,Karnataka,,https://twitter.com/AnanthKumar_BJP,,"1,22,06,366","1,22,06,366",M,22/07/1959,,,,,,,,,,,
197,M. Veerappa Moily,Chikballapur,Indian National Congress,Karnataka,,No,,"2,93,74,446","2,93,74,446",M,#N/A,,,,,,,,,,,
198,K. H. Muniyappa,Kolar,Indian National Congress,Karnataka,,No,,"5,19,21,402 5","5,19,21,402",M,03/07/1948,,,,,,,,,,,
199,P. Karunakaran,Kasaragod,Communist Party of India (Marxist),Kerala,,No,,"1,78,23,645 1","1,78,23,645",M,20/04/1945,,,,,,,,,,,
200,K. Sudhakaran,Kannur,Indian National Congress,Kerala,,https://twitter.com/ksudhakaranMP,,"73,59,040 73 L","73,59,040",M,05/11/1948,,,,,,,,,,,
201,Mullappally Ramachandran,Vadakara,Indian National Congress,Kerala,,No,,"33,16,300 33 L","33,16,300",M,#N/A,,,,,,,,,,,
202,M. I. Shanavas,Wayanad,Indian National Congress,Kerala,,No,,"2,39,04,424 2","2,39,04,424",M,22/09/1951,,,,,,,,,,,
203,M. K. Raghavan,Kozhikode,Indian National Congress,Kerala,,https://twitter.com/MKR_Calicut,,"14,09,694 14 L","14,09,694",M,#N/A,,,,,,,,,,,
204,E. Ahamed,Malappuram,Muslim League Kerala State Committee,Kerala,https://www.facebook.com/eahamedmp,No,,"38,87,709 38 L","38,87,709",M,29/04/1938,,,,,,,,,,,
205,E. T. Muhammed Basheer,Ponnani,Muslim League Kerala State Committee,Kerala,,https://twitter.com/ET_MohdBasheer,,"6,05,855 6 Lacs","6,05,855",M,#N/A,,,,,,,,,,,
206,M. B. Rajesh,Palakkad,Communist Party of India (Marxist),Kerala,,No,,"11,05,474 11 L","11,05,474",M,#N/A,,,,,,,,,,,
207,P. K Biju,Alathur,Communist Party of India (Marxist),Kerala,,No,,"4,61,000 4 Lacs","4,61,000",M,04/03/1974,,,,,,,,,,,
208,P. C. Chacko,Thrissur,Indian National Congress,Kerala,,No,,"1,63,35,679 1","1,63,35,679",M,29/09/1946,,,,,,,,,,,
209,K. P. Dhanapalan,Chalakudy,Indian National Congress,Kerala,,No,,"29,43,864 29 L","29,43,864",M,04/04/1950,,,,,,,,,,,
210,K. V. Thomas,Ernakulam,Indian National Congress,Kerala,,https://twitter.com/KV_Thomas,,"1,50,41,664 1","1,50,41,664",M,05/10/1946,,,,,,,,,,,
211,P.T Thomas,Idukki,Indian National Congress,Kerala,,No,,"39,79,094 39 L","39,79,094",M,12/12/1950,,,,,,,,,,,
212,Jose K. Mani (Karingozheckal),Kottayam,Kerala Congress (M),Kerala,,https://twitter.com/josekmani,,"96,51,729 96 L","96,51,729",M,29/05/1965,,,,,,,,,,,
213,K. C Venugopal,Alappuzha,Indian National Congress,Kerala,,No,,"35,33,704 35 L","35,33,704",M,02/04/1963,,,,,,,,,,,
214,Kodikkunnil Suresh,Mavelikkara,Indian National Congress,Kerala,,No,,"16,74,747 16 L","16,74,747",M,06/04/1962,,,,,,,,,,,
215,Anto Antony Punnathaniyil,Pathanamthitta,Indian National Congress,Kerala,https://www.facebook.com/mpptma,No,,"14,24,205","14,24,205",M,05/01/1957,,,,,,,,,,,
216,N. Peethambarakurup,Kollam,Indian National Congress,Kerala,,No,,"28,10,132 28 L","28,10,132",M,24/05/1942,,,,,,,,,,,
217,A Sampath,Attingal,Communist Party of India (Marxist),Kerala,,No,,"89,99,000 89 L","89,99,000",M,22/07/1962,,,,,,,,,,,
218,Shashi Tharoor,Thiruvananthapuram,Indian National Congress,Kerala,,https://twitter.com/ShashiTharoor,,"20,36,36,267","20,36,36,267",M,03/09/1956,,,,,,,,,,,
219,Narendra Singh Tomar,Morena,Bharatiya Janata Party,Madhya Pradesh,,https://twitter.com/narendra_singh,,"31,25,703 31 L","31,25,703",M,06/12/1957,,,,,,,,,,,
220,Ashok Argal,Bhind,Bharatiya Janata Party,Madhya Pradesh,,No,,"79,53,043 79 L","79,53,043",M,01/01/1969,,,,,,,,,,,
221,Yashodhara Raje Scindia,Gwalior,Bharatiya Janata Party,Madhya Pradesh,,No,,"1,83,10,000 1","1,83,10,000",F,19/06/1954,,,,,,,,,,,
222,Jyotiraditya Madhavrao Scindia,Guna,Indian National Congress,Madhya Pradesh,,No,,"14,90,94,212 1","14,90,94,212",M,01/01/1971,,,,,,,,,,,
223,Bhoopendra Singh,Sagar,Bharatiya Janata Party,Madhya Pradesh,,No,,"2,48,73,075 2","2,48,73,075",M,20/05/1960,,,,,,,,,,,
224,Virendra Kumar,Tikamgarh,Bharatiya Janata Party,Madhya Pradesh,,No,,"25,48,466 25 L","25,48,466",M,27/02/1954,,,,,,,,,,,
225,Shivraj Singh Lodhi,Damoh,Bharatiya Janata Party,Madhya Pradesh,,No,,"89,29,326 89 L","89,29,326",M,#N/A,,,,,,,,,,,
226,Jeetendra Singh Bundela,Khajuraho,Bharatiya Janata Party,Madhya Pradesh,,No,,"1,05,96,506 1","1,05,96,506",M,#N/A,,,,,,,,,,,
227,Ganesh Singh,Satna,Bharatiya Janata Party,Madhya Pradesh,,No,,"73,72,032 73 L","73,72,032",M,07/02/1962,,,,,,,,,,,
228,Deoraj Singh Patel,Rewa,Bahujan Samaj Party,Madhya Pradesh,,No,,"3,08,45,000 3","3,08,45,000",M,#N/A,,,,,,,,,,,
229,Govind Prasad Mishra,Sidhi,Bharatiya Janata Party,Madhya Pradesh,,No,,"51,87,425 51 L","51,87,425",M,#N/A,,,,,,,,,,,
230,Rajesh Nandini Singh,Shahdol,Indian National Congress,Madhya Pradesh,,No,,"1,07,75,000 1","1,07,75,000",F,23/03/1957,,,,,,,,,,,
231,Rakesh Singh,Jabalpur,Bharatiya Janata Party,Madhya Pradesh,,No,,"92,31,699 92 L","92,31,699",M,06/04/1962,,,,,,,,,,,
232,Basori Singh Masram,Mandla,Indian National Congress,Madhya Pradesh,,https://twitter.com/BasorisinghMasr,,"1,35,21,178 1","1,35,21,178",M,29/11/1945,,,,,,,,,,,
233,K. D. Deshmukh,Balaghat,Bharatiya Janata Party,Madhya Pradesh,,No,,"57,43,597 57 L","57,43,597",M,01/01/1949,,,,,,,,,,,
234,Kamal Nath,Chhindwara,Indian National Congress,Madhya Pradesh,,https://twitter.com/Nathkamal,,"14,17,70,037 1","14,17,70,037",M,#N/A,,,,,,,,,,,
235,Uday Pratap Singh,Hoshangabad,Indian National Congress,Madhya Pradesh,,No,,"3,99,06,000 3","3,99,06,000",M,06/09/1964,,,,,,,,,,,
236,Sushma Swaraj,Vidisha,Bharatiya Janata Party,Madhya Pradesh,,https://twitter.com/SushmaSwarajbjp,,"7,35,85,637 7","7,35,85,637",F,14/02/1952,,,,,,,,,,,
237,Kailash Joshi,Bhopal,Bharatiya Janata Party,Madhya Pradesh,,No,,"58,85,927 58 L","58,85,927",M,14/07/1929,,,,,,,,,,,
238,Narayansingh Amlabe,Rajgarh,Indian National Congress,Madhya Pradesh,,No,,"38,08,133 38 L","38,08,133",M,06/01/1951,,,,,,,,,,,
239,Sajjan Singh Verma,Dewas,Indian National Congress,Madhya Pradesh,,https://twitter.com/sajjanverma,,"2,70,42,325 2","2,70,42,325",M,24/08/1952,,,,,,,,,,,
240,Guddu Premchand,Ujjain,Indian National Congress,Madhya Pradesh,,No,,"10,50,31,313 1","10,50,31,313",M,09/02/1960,,,,,,,,,,,
241,Meenakshi Natrajan,Mandsour,Indian National Congress,Madhya Pradesh,,No,,"11,26,966 11 L","11,26,966",F,23/07/1973,,,,,,,,,,,
242,Kantilal Bhuria,Ratlam,Indian National Congress,Madhya Pradesh,,No,,"3,05,57,089 3","3,05,57,089",M,06/01/1950,,,,,,,,,,,
243,Gajendra Singh Rajukhedi,Dhar,Indian National Congress,Madhya Pradesh,,No,,"2,06,53,133 2","2,06,53,133",M,12/11/1964,,,,,,,,,,,
244,Sumitra Mahajan,Indore,Bharatiya Janata Party,Madhya Pradesh,,No,,"77,62,806 77 L","77,62,806",F,04/12/1943,,,,,,,,,,,
245,Makhansingh Solanki (Babuji),Khargone,Bharatiya Janata Party,Madhya Pradesh,,No,,"54,38,265 54 L","54,38,265",M,03/01/1952,,,,,,,,,,,
246,Arun Subhashchandra Yadav,Khandwa,Indian National Congress,Madhya Pradesh,,No,,"5,32,89,688 5","5,32,89,688",M,15/01/1974,,,,,,,,,,,
247,Jyoti Dhurve,Betul,Bharatiya Janata Party,Madhya Pradesh,,No,,"71,35,000 71 L","71,35,000",F,06/02/1966,,,,,,,,,,,
248,Gavit Manikrao Hodlya,Nandurbar,Indian National Congress,Maharashtra,,No,,"4,10,64,753 4","4,10,64,753",M,29/10/1934,,,,,,,,,,,
249,Pratap Narayanrao Sonawane,Dhule,Bharatiya Janata Party,Maharashtra,,No,,"14,21,57,029 1","14,21,57,029",M,22/12/1948,,,,,,,,,,,
250,A T Nana Patil,Jalgaon,Bharatiya Janata Party,Maharashtra,,https://twitter.com/atnanapatilmp,,"10,38,39,607 1","10,38,39,607",M,09/09/1961,,,,,,,,,,,
251,Haribhau Madhav Jawale,Raver,Bharatiya Janata Party,Maharashtra,,No,,"78,42,881 78 L","78,42,881",M,06/01/1953,,,,,,,,,,,
252,Prataprao Ganpatrao Jadhav,Buldhana,Shivsena,Maharashtra,,No,,"1,20,52,820 1","1,20,52,820",M,25/11/1960,,,,,,,,,,,
253,Sanjay Shamrao Dhotre,Akola,Bharatiya Janata Party,Maharashtra,,No,,"1,93,35,144 1","1,93,35,144",M,26/02/1959,,,,,,,,,,,
254,Anandrao Vithoba Adsul,Amravati,Shivsena,Maharashtra,,No,,"1,77,08,418 1","1,77,08,418",M,06/01/1947,,,,,,,,,,,
255,Meghe Datta,Wardha,Indian National Congress,Maharashtra,,No,,"28,77,39,504 2","28,77,39,504",M,11/11/1936,,,,,,,,,,,
256,Mukul Balkrishna Wasnik,Ramtek,Indian National Congress,Maharashtra,,No,,"31,11,932 31 L","31,11,932",M,27/09/1959,,,,,,,,,,,
257,Vilasrao Baburaoji Muttemwar,Nagpur,Indian National Congress,Maharashtra,,https://twitter.com/vilasmuttemwar,,"1,53,02,294 1","1,53,02,294",M,22/03/1949,,,,,,,,,,,
258,Praful Manoharbhai Patel,Bhandara-Gondiya,Nationalist Congress Party,Maharashtra,,https://twitter.com/PrafulPatel2727,,"83,76,49,331","83,76,49,331",M,17/02/1957,,,,,,,,,,,
259,Marotrao Sainuji Kowase,Gadchiroli-Chimur,Indian National Congress,Maharashtra,,No,,"1,07,76,756","1,07,76,756",M,11/03/1949,,,,,,,,,,,
260,Hansraj Gangaram Ahir,Chandrapur,Bharatiya Janata Party,Maharashtra,,No,,"80,84,050 80 L","80,84,050",M,11/11/1954,,,,,,,,,,,
261,Bhavana Pundlikrao Gawali (Patil),Yavatmal-Washim,Shivsena,Maharashtra,,No,,"3,03,99,471","3,03,99,471",F,23/05/1973,,,,,,,,,,,
262,Subhash Bapurao Wankhede,Hingoli,Shivsena,Maharashtra,,No,,"34,88,000 34 L","34,88,000",M,01/04/1963,,,,,,,,,,,
263,Bhaskarrao Bapurao Khatgaonkar,Nanded,Indian National Congress,Maharashtra,,No,,"6,24,16,000 6","6,24,16,000",M,23/07/1944,,,,,,,,,,,
264,Ganeshrao Nagorao Dudhgaonkar,Parbhani,Shivsena,Maharashtra,,No,,"2,81,11,720 2","2,81,11,720",M,09/09/1945,,,,,,,,,,,
265,Raosaheb Dadarao Danve,Jalna,Bharatiya Janata Party,Maharashtra,,No,,"2,42,71,518 2","2,42,71,518",M,#N/A,,,,,,,,,,,
266,Chandrakant Khaire,Aurangabad,Shivsena,Maharashtra,,No,,"2,08,87,871 2","2,08,87,871",M,27/06/1963,,,,,,,,,,,
267,Harishchandra Chavan,Dindori,Bharatiya Janata Party,Maharashtra,,No,,"85,15,581 85 L","85,15,581",M,25/12/1951,,,,,,,,,,,
268,Sameer Bhujbal,Nashik,Nationalist Congress Party,Maharashtra,,https://twitter.com/Sameer_Bhujbal,,"6,66,60,039 6","6,66,60,039",M,10/09/1973,,,,,,,,,,,
269,Baliram Sukur Jadhav,Palghar,Bahujan Vikas Aaghadi,Maharashtra,,No,,"24,79,053 24 L","24,79,053",M,06/02/1956,,,,,,,,,,,
270,Suresh Kashinath Taware,Bhiwandi,Indian National Congress,Maharashtra,,No,,"10,90,39,952 1","10,90,39,952",M,06/01/1960,,,,,,,,,,,
271,Anand Prakash Paranjape,Kalyan,Shivsena,Maharashtra,,No,,"1,19,98,220 1","1,19,98,220",M,16/05/1973,,,,,,,,,,,
272,Sanjeev Ganesh Naik,Thane,Nationalist Congress Party,Maharashtra,,https://twitter.com/mpdrsanjeevnaik,,"3,04,15,344 3","3,04,15,344",M,15/04/1972,,,,,,,,,,,
273,Sanjay Brijkishorlal Nirupam,Mumbai North,Indian National Congress,Maharashtra,,https://twitter.com/sanjaynirupam,,"34,95,76,448 3","34,95,76,448",M,#N/A,,,,,,,,,,,
274,Gurudas Vasant Kamat,Mumbai North West,Indian National Congress,Maharashtra,,No,,"6,39,26,963","6,39,26,963",M,#N/A,,,,,,,,,,,
275,Sanjay Dina Patil,Mumbai North East,Nationalist Congress Party,Maharashtra,,https://twitter.com/SanjayDinaPatil / https://twitter.com/northeastmumbai,,"43,23,503","43,23,503",M,#N/A,,,,,,,,,,,
276,Priya Sunil Dutt,Mumbai North Central,Indian National Congress,Maharashtra,,https://twitter.com/PriyaDutt_MP,,"34,95,76,448","34,95,76,448",F,#N/A,,,,,,,,,,,
277,Eknath M. Gaikwad,Mumbai South Central,Indian National Congress,Maharashtra,,No,,"30,88,408","30,88,408",M,#N/A,,,,,,,,,,,
278,Milind Murli Deora,Mumbai South,Indian National Congress,Maharashtra,,https://twitter.com/milinddeora,,"17,53,73,142 1","17,53,73,142",M,#N/A,,,,,,,,,,,
279,Anant Geete,Raigad,Shivsena,Maharashtra,,No,,"85,55,617 85 L","85,55,617",M,#N/A,,,,,,,,,,,
280,Gajanan Dharmshi Babar,Maval,Shivsena,Maharashtra,,No,,"6,78,31,434 6","6,78,31,434",M,03/01/1943,,,,,,,,,,,
281,Suresh Kalmadi,Pune,Indian National Congress,Maharashtra,,https://twitter.com/kalmadisuresh,,"12,81,65,624 1","12,81,65,624",M,05/01/1944,,,,,,,,,,,
282,Supriya Sule,Baramati,Nationalist Congress Party,Maharashtra,,https://twitter.com/supriyassule,,"50,45,00,573","50,45,00,573",F,30/06/1969,,,,,,,,,,,
283,Adhalrao Shivaji Dattatray,Shirur,Shivsena,Maharashtra,,No,,"12,71,13,134 1","12,71,13,134",M,05/08/1956,,,,,,,,,,,
284,Dilipkumar Mansukhlal Gandhi,Ahmednagar,Bharatiya Janata Party,Maharashtra,,No,,"1,30,53,391 1","1,30,53,391",M,05/09/1951,,,,,,,,,,,
285,Bhausaheb Rajaram Wakchaure,Shirdi,Shivsena,Maharashtra,,No,,"1,78,60,515 1","1,78,60,515",M,01/04/1950,,,,,,,,,,,
286,Gopinathrao Pandurang Munde,Beed,Bharatiya Janata Party,Maharashtra,,https://twitter.com/GopinathMunde1,,"6,22,50,603 6","6,22,50,603",M,12/12/1949,,,,,,,,,,,
287,Padamsinha Bajirao Patil,Osmanabad,Nationalist Congress Party,Maharashtra,,No,,"7,58,52,364 7","7,58,52,364",M,06/01/1940,,,,,,,,,,,
288,Jaywant Gangaram Awale,Latur,Indian National Congress,Maharashtra,,No,,"3,04,85,766 3","3,04,85,766",M,07/06/1940,,,,,,,,,,,
289,Sushilkumar Sambhajirao Shinde,Solapur,Indian National Congress,Maharashtra,,No,,"8,60,42,099 8","8,60,42,099",M,09/04/1941,,,,,,,,,,,
290,Sharadchandra Govindrao Pawar,Madha,Nationalist Congress Party,Maharashtra,,https://twitter.com/Pawar_Sharad,,"8,72,38,434 8","8,72,38,434",M,12/12/1940,,,,,,,,,,,
291,Pratik Prakashbapu Patil,Sangli,Indian National Congress,Maharashtra,,No,,"2,21,37,000 2","2,21,37,000",M,09/08/1973,,,,,,,,,,,
292,Udayanraje Bhonsle,Satara,Nationalist Congress Party,Maharashtra,,No,,"8,30,85,300 8","8,30,85,300",M,24/02/1966,,,,,,,,,,,
293,Nilesh Narayan Rane,Ratnagiri-Sindhudurg,Indian National Congress,Maharashtra,,https://twitter.com/DrNileshRane,,"3,05,61,862","3,05,61,862",M,17/03/1981,,,,,,,,,,,
294,Sadashivrao Dadoba Mandlik,Kolhapur,Independent,Maharashtra,,No,,"1,15,52,012 1","1,15,52,012",M,10/07/1934,,,,,,,,,,,
295,Raju Shetti Alias Devappa Anna,Hatkanangle,Swabhimani Paksha,Maharashtra,,https://twitter.com/rajushetti,,"22,53,785 22 L","22,53,785",M,06/01/1967,,,,,,,,,,,
296,Thokchom Meinya,Inner Manipur,Indian National Congress,Manipur,,No,,"16,39,200 16 L","16,39,200",M,10/12/1945,,,,,,,,,,,
297,Thangso Baite,Outer Manipur,Indian National Congress,Manipur,,No,,"17,78,418 17 L","17,78,418",M,17/04/1953,,,,,,,,,,,
298,Vincent H Pala,Shillong,Indian National Congress,Meghalaya,,https://twitter.com/vincentpala,,"25,16,21,190 2","25,16,21,190",M,14/02/1968,,,,,,,,,,,
299,Agatha K Sangma,Tura,Nationalist Congress Party,Meghalaya,,https://twitter.com/agathasangma,,"66,44,295 66 L","66,44,295",F,24/07/1980,,,,,,,,,,,
300,C. L. Ruala,Mizoram,Indian National Congress,Mizoram,,No,,"53,54,186 53 L","53,54,186",M,25/12/1935,,,,,,,,,,,
301,C M Chang,Nagaland,Nagaland Peoples Front,Nagaland,,No,,"39,75,000 39 L","39,75,000",M,#N/A,,,,,,,,,,,
302,Sanjay Bhoi,Bargarh,Indian National Congress,Odisha,,No,,"17,00,000 17 L","17,00,000",M,03/11/1974,,,,,,,,,,,
303,Hemanand Biswal,Sundargarh,Indian National Congress,Odisha,,No,,"39,65,199 39 L","39,65,199",M,#N/A,,,,,,,,,,,
304,Amarnath Pradhan,Sambalpur,Indian National Congress,Odisha,,No,,"39,25,000 39 L","39,25,000",M,05/11/1958,,,,,,,,,,,
305,Yashbant Narayan Singh Laguri,Keonjhar,Biju Janata Dal,Odisha,,No,,"5,75,000 5 Lacs","5,75,000",M,18/04/1971,,,,,,,,,,,
306,Laxman Tudu,Mayurbhanj,Biju Janata Dal,Odisha,,No,,"1,73,000 1 Lacs","1,73,000",M,16/05/1965,,,,,,,,,,,
307,Srikant Kumar Jena,Balasore,Indian National Congress,Odisha,,No,,"47,62,407 47 L","47,62,407",M,18/06/1950,,,,,,,,,,,
308,Arjun Charan Sethi,Bhadrak,Biju Janata Dal,Odisha,,No,,"1,10,61,000 1","1,10,61,000",M,18/09/1941,,,,,,,,,,,
309,Mohan Jena,Jajpur,Biju Janata Dal,Odisha,,No,,"30,46,404 30 L","30,46,404",M,#N/A,,,,,,,,,,,
310,Tathagata Satpathy,Dhenkanal,Biju Janata Dal,Odisha,,No,,"55,15,930 55 L","55,15,930",M,04/01/1956,,,,,,,,,,,
311,Kalikesh Narayan Singh Deo,Bolangir,Biju Janata Dal,Odisha,,No,,"3,85,42,397 3","3,85,42,397",M,26/05/1974,,,,,,,,,,,
312,Bhakta Charan Das,Kalahandi,Indian National Congress,Odisha,,https://twitter.com/visionofbhakta,,"55,82,100 55 L","55,82,100",M,26/11/1958,,,,,,,,,,,
313,Pradeep Kumar Majhi,Nabarangpur,Indian National Congress,Odisha,,https://twitter.com/incpradeep,,"8,50,000 8 Lacs","8,50,000",M,22/02/1976,,,,,,,,,,,
314,Rudramadhab Ray,Kandhamal,Biju Janata Dal,Odisha,,No,,"43,87,647 43 L","43,87,647",M,23/11/1937,,,,,,,,,,,
315,Bhartruhari Mahtab,Cuttack,Biju Janata Dal,Odisha,,No,,"5,10,73,861 5","5,10,73,861",M,09/08/1957,,,,,,,,,,,
316,Baijayant Panda,Kendrapara,Biju Janata Dal,Odisha,,https://twitter.com/Panda_Jay,,"16,11,00,792 1","16,11,00,792",M,01/12/1964,,,,,,,,,,,
317,Bibhu Prasad Tarai,Jagatsinghpur,Communist Party of India,Odisha,,No,,"44,60,251 44 L","44,60,251",M,17/06/1964,,,,,,,,,,,
318,Pinaki Misra,Puri,Biju Janata Dal,Odisha,,No,,"29,69,00,000 2","29,69,00,000",M,#N/A,,,,,,,,,,,
319,Prasanna Kumar Patasani,Bhubaneswar,Biju Janata Dal,Odisha,,No,,"14,77,178 14 L","14,77,178",M,27/04/1946,,,,,,,,,,,
320,Nityananda Pradhan,Aska,Biju Janata Dal,Odisha,,No,,"2,63,46,692 2","2,63,46,692",M,18/11/1944,,,,,,,,,,,
321,Siddhanta Mahapatra,Berhampur,Biju Janata Dal,Odisha,,No,,"48,00,264 48 L","48,00,264",M,#N/A,,,,,,,,,,,
322,Jayaram Pangi,Koraput,Biju Janata Dal,Odisha,,https://twitter.com/JayaramPangi,,"61,82,372 61 L","61,82,372",M,#N/A,,,,,,,,,,,
323,Partap Singh Bajwa,Gurdaspur,Indian National Congress,Punjab,,https://twitter.com/partapbajwa,,"6,80,53,249 6","6,80,53,249",M,29/01/1957,,,,,,,,,,,
324,Navjot Singh Sidhu,Amritsar,Bharatiya Janata Party,Punjab,,https://twitter.com/iamsinghsidhu,,"14,36,35,662 1","14,36,35,662",M,20/10/1963,,,,,,,,,,,
325,Rattan Singh Ajnala,Khadoor Sahib,Shiromani Akali Dal,Punjab,,No,,"1,87,74,102 1","1,87,74,102",M,16/01/1944,,,,,,,,,,,
326,Mohinder Singh Kaypee,Jalandhar,Indian National Congress,Punjab,https://www.facebook.com/MohinderSinghKaypeeOfficialPage,https://twitter.com/MohinderSKaypee,,"4,81,96,591 4","4,81,96,591",M,11/07/1956,,,,,,,,,,,
327,Santosh Chowdhary,Hoshiarpur,Indian National Congress,Punjab,,No,,"2,68,16,253 2","2,68,16,253",F,10/05/1944,,,,,,,,,,,
328,Ravneet Singh,Anandpur Sahib,Indian National Congress,Punjab,,No,,"2,18,21,443","2,18,21,443",M,09/10/1975,,,,,,,,,,,
329,Manish Tewari,Ludhiana,Indian National Congress,Punjab,,https://twitter.com/ManishTewari,,"2,99,41,543 2","2,99,41,543",M,12/08/1965,,,,,,,,,,,
330,Sukhdev Singh Libra,Fatehgarh Sahib,Indian National Congress,Punjab,,No,,"1,70,83,247","1,70,83,247",M,11/07/1932,,,,,,,,,,,
331,Paramjit Kaur Gulshan,Faridkot,Shiromani Akali Dal,Punjab,,No,,"1,42,08,609 1","1,42,08,609",F,#N/A,,,,,,,,,,,
332,Sher Singh Ghubaya,Ferozpur,Shiromani Akali Dal,Punjab,,No,,"3,19,69,676","3,19,69,676",M,06/10/1962,,,,,,,,,,,
333,Harsimrat Kaur Badal,Bathinda,Shiromani Akali Dal,Punjab,,https://twitter.com/harsimrat_badal,,"60,31,00,135 6","60,31,00,135",F,25/07/1966,,,,,,,,,,,
334,Vijay Inder Singla,Sangrur,Indian National Congress,Punjab,,https://twitter.com/MPSangrur,,"3,47,77,862 3","3,47,77,862",M,12/01/1971,,,,,,,,,,,
335,Maharani Preneet Kaur,Patiala,Indian National Congress,Punjab,,No,,"42,30,43,438 4","42,30,43,438",F,10/03/1944,,,,,,,,,,,
336,Bharat Ram Meghwal,Ganganagar,Indian National Congress,Rajasthan,,No,,"50,16,000 50 L","50,16,000",M,01/11/1956,,,,,,,,,,,
337,Arjun Ram Meghwal,Bikaner,Bharatiya Janata Party,Rajasthan,,https://twitter.com/arjunrammeghwal,,"25,63,467 25 L","25,63,467",M,#N/A,,,,,,,,,,,
338,Ram Singh Kaswan,Churu,Bharatiya Janata Party,Rajasthan,,No,,"2,74,03,097 2","2,74,03,097",M,#N/A,,,,,,,,,,,
339,Sheesh Ram Ola,Jhunjhunu,Indian National Congress,Rajasthan,,No,,"61,01,621 61 L","61,01,621",M,30/07/1927,,,,,,,,,,,
340,Mahadeo Singh Khandela,Sikar,Indian National Congress,Rajasthan,,No,,"77,84,000 77 L","77,84,000",M,#N/A,,,,,,,,,,,
341,Namo Narain Meena,Sawai Madopur - Tonk,Indian National Congress,Rajasthan,,No,,"60,06,236","60,06,236",M,#N/A,,,,,,,,,,,
342,Mahesh Joshi,Jaipur,Indian National Congress,Rajasthan,,No,,"1,03,88,500 1","1,03,88,500",M,14/09/1954,,,,,,,,,,,
343,Jitendra Singh,Alwar,Indian National Congress,Rajasthan,,No,,"6,79,67,810 6","6,79,67,810",M,06/12/1971,,,,,,,,,,,
344,Ratan Singh,Bharatpur,Indian National Congress,Rajasthan,,No,,"1,19,67,191 1","1,19,67,191",M,01/02/1947,,,,,,,,,,,
345,Khiladi Lal Bairwa,Karauli-Dholpur,Indian National Congress,Rajasthan,,No,,"6,28,02,340","6,28,02,340",M,01/05/1964,,,,,,,,,,,
346,Kirodi Lal,Dausa,Independent,Rajasthan,,No,,"80,80,496 80 L","80,80,496",M,11/03/1951,,,,,,,,,,,
347,Sachin Pilot,Ajmer,Indian National Congress,Rajasthan,,https://twitter.com/sachinpilot,,"4,64,89,558 4","4,64,89,558",M,#N/A,,,,,,,,,,,
348,Jyoti Mirdha,Nagaur,Indian National Congress,Rajasthan,,https://twitter.com/jyotimirdha,,"3,90,39,915 3","3,90,39,915",F,26/07/1972,,,,,,,,,,,
349,Badri Ram Jakhar,Pali,Indian National Congress,Rajasthan,,No,,"6,02,43,814 6","6,02,43,814",M,09/09/1952,,,,,,,,,,,
350,Chandresh Kumari,Jodhpur,Indian National Congress,Rajasthan,,No,,"13,28,81,067 1","13,28,81,067",F,02/01/1944,,,,,,,,,,,
351,Harish Chaudhary,Barmer,Indian National Congress,Rajasthan,,https://twitter.com/Barmer_Harish,,"49,53,849 49 L","49,53,849",M,13/05/1970,,,,,,,,,,,
352,Devji Patel,Jalore,Bharatiya Janata Party,Rajasthan,,https://twitter.com/devjimp,,"1,12,61,830 1","1,12,61,830",M,25/09/1976,,,,,,,,,,,
353,Raghuvir Meena,Udaipur,Indian National Congress,Rajasthan,,No,,"67,53,883","67,53,883",M,#N/A,,,,,,,,,,,
354,Tarachand Bhagora,Banswara,Indian National Congress,Rajasthan,,No,,"65,18,752 65 L","65,18,752",M,01/01/1954,,,,,,,,,,,
355,Girija Vyas,Chittorgarh,Indian National Congress,Rajasthan,,No,,"87,21,354 87 L","87,21,354",F,07/08/1946,,,,,,,,,,,
356,Gopal Singh,Rajsamand,Indian National Congress,Rajasthan,,https://twitter.com/mprajsamand,,"41,06,255 41 L","41,06,255",M,17/01/1951,,,,,,,,,,,
357,C P Joshi,Bhilwara,Indian National Congress,Rajasthan,,https://twitter.com/drcpjoshi,,"2,03,76,956 2","2,03,76,956",M,29/07/1950,,,,,,,,,,,
358,Ijyaraj Singh,Kota,Indian National Congress,Rajasthan,,No,,"18,01,31,144 1","18,01,31,144",M,02/09/1965,,,,,,,,,,,
359,Dushyant Singh,Jhalawar-Baran,Bharatiya Janata Party,Rajasthan,,https://twitter.com/DushyantDholpur,,"6,41,10,900 6","6,41,10,900",M,#N/A,,,,,,,,,,,
360,Prem Das Rai,Sikkim,Sikkim Democratic Front,Sikkim,,No,,"1,85,03,294 1","1,85,03,294",M,31/07/1954,,,,,,,,,,,
361,P. Venugopal,Thiruvallur,All India Anna Dravida Munnetra Kazhagam,Tamil Nadu,,No,,"20,74,236","20,74,236",M,#N/A,,,,,,,,,,,
362,T. K. S. Elangovan,Chennai North,Dravida Munnetra Kazhagam,Tamil Nadu,,https://twitter.com/Elangovantks,,"76,68,627 76 L","76,68,627",M,30/08/1954,,,,,,,,,,,
363,C. Rajendran,Chennai South,All India Anna Dravida Munnetra Kazhagam,Tamil Nadu,,No,,"2,83,16,678 2","2,83,16,678",M,08/06/1960,,,,,,,,,,,
364,Dayanidhi Maran,Chennai Central,Dravida Munnetra Kazhagam,Tamil Nadu,,https://twitter.com/DayanidhiMaran,,"3,66,69,231","3,66,69,231",M,#N/A,,,,,,,,,,,
365,T R Baalu,Sriperumbudur,Dravida Munnetra Kazhagam,Tamil Nadu,http://www.facebook.com/pages/TR-BAALU/131448473698066,https://twitter.com/TRBaaluMP,,"7,69,71,478 7","7,69,71,478",M,15/06/1941,,,,,,,,,,,
366,P. Viswanathan,Kancheepuram,Indian National Congress,Tamil Nadu,,No,,"56,85,495 56 L","56,85,495",M,20/05/1964,,,,,,,,,,,
367,Jagathrakshakan,Arakkonam,Dravida Munnetra Kazhagam,Tamil Nadu,,No,,"5,91,06,399 5","5,91,06,399",M,#N/A,,,,,,,,,,,
368,Abdul Rahman,Vellore,Dravida Munnetra Kazhagam,Tamil Nadu,,No,,"1,25,47,128 1","1,25,47,128",M,28/05/1959,,,,,,,,,,,
369,E. G. Sugavanam,Krishnagiri,Dravida Munnetra Kazhagam,Tamil Nadu,,No,,"1,69,74,157 1","1,69,74,157",M,13/11/1957,,,,,,,,,,,
370,R. Thamaraiselvan,Dharmapuri,Dravida Munnetra Kazhagam,Tamil Nadu,,https://twitter.com/ThamaraiMP,,"70,31,808 70 L","70,31,808",M,26/05/1963,,,,,,,,,,,
371,D. Venugopal,Tiruvannamalai,Dravida Munnetra Kazhagam,Tamil Nadu,,No,,"5,70,10,000 5","5,70,10,000",M,11/05/1931,,,,,,,,,,,
372,M. Krishnasamy,Arani,Indian National Congress,Tamil Nadu,,No,,"4,06,11,765 4","4,06,11,765",M,06/09/1940,,,,,,,,,,,
373,M. Anandan,Viluppuram,All India Anna Dravida Munnetra Kazhagam,Tamil Nadu,,No,,"89,28,674 89 L","89,28,674",M,12/12/1951,,,,,,,,,,,
374,Adhi Sankar,Kallakurichi,Dravida Munnetra Kazhagam,Tamil Nadu,,No,,"1,78,37,266 1","1,78,37,266",M,03/07/1957,,,,,,,,,,,
375,S. Semmalai,Salem,All India Anna Dravida Munnetra Kazhagam,Tamil Nadu,,No,,"4,62,20,339 4","4,62,20,339",M,06/09/1945,,,,,,,,,,,
376,S. Gandhiselvan,Namakkal,Dravida Munnetra Kazhagam,Tamil Nadu,,No,,"40,70,482 40 L","40,70,482",M,06/02/1963,,,,,,,,,,,
377,A. Ganeshamurthi,Erode,Marumalarchi Dravida Munnetra Kazhagam,Tamil Nadu,,No,,"2,67,29,518 2","2,67,29,518",M,06/10/1947,,,,,,,,,,,
378,C. Sivasami,Tiruppur,All India Anna Dravida Munnetra Kazhagam,Tamil Nadu,,No,,"5,18,92,954 5","5,18,92,954",M,27/06/1957,,,,,,,,,,,
379,A Raja,Nilgiris,Dravida Munnetra Kazhagam,Tamil Nadu,,No,,"1,29,91,669 1","1,29,91,669",M,#N/A,,,,,,,,,,,
380,P. R. Natarajan,Coimbatore,Communist Party of India (Marxist),Tamil Nadu,,No,,"17,67,722 17 L","17,67,722",M,#N/A,,,,,,,,,,,
381,K. Sugumar,Pollachi,All India Anna Dravida Munnetra Kazhagam,Tamil Nadu,,No,,"1,85,20,000 1","1,85,20,000",M,12/01/1960,,,,,,,,,,,
382,N S V Chitthan,Dindigul,Indian National Congress,Tamil Nadu,,No,,"1,70,35,764 1","1,70,35,764",M,04/12/1934,,,,,,,,,,,
383,M. Thambidurai,Karur,All India Anna Dravida Munnetra Kazhagam,Tamil Nadu,,No,,"9,37,50,227 9","9,37,50,227",M,15/03/1947,,,,,,,,,,,
384,P. Kumar,Tiruchirappalli,All India Anna Dravida Munnetra Kazhagam,Tamil Nadu,,No,,"53,45,000 53 L","53,45,000",M,21/04/1971,,,,,,,,,,,
385,D Napoleon,Perambalur,Dravida Munnetra Kazhagam,Tamil Nadu,http://www.actornapoleon.com,No,,"13,05,82,983 1","13,05,82,983",M,29/09/1963,,,,,,,,,,,
386,S. Alagiri,Cuddalore,Indian National Congress,Tamil Nadu,,No,,"1,18,66,846 1","1,18,66,846",M,22/10/1952,,,,,,,,,,,
387,Thol. Thirumavalavan,Chidambaram,Viduthalai Chiruthaigal Katchi,Tamil Nadu,,No,,"23,47,700 23 L","23,47,700",M,07/10/1962,,,,,,,,,,,
388,O. S. Manian,Mayiladuthurai,All India Anna Dravida Munnetra Kazhagam,Tamil Nadu,,No,,"86,35,089 86 L","86,35,089",M,29/04/1954,,,,,,,,,,,
389,A K S Vijayan,Nagapattinam,Dravida Munnetra Kazhagam,Tamil Nadu,,No,,"72,05,000 72 L","72,05,000",M,15/12/1961,,,,,,,,,,,
390,S S Palanimanickam,Thanjavur,Dravida Munnetra Kazhagam,Tamil Nadu,,No,,"75,23,592 75 L","75,23,592",M,#N/A,,,,,,,,,,,
391,P Chidambaram,Sivaganga,Indian National Congress,Tamil Nadu,,No,,"27,39,08,542 2","27,39,08,542",M,16/09/1945,,,,,,,,,,,
392,M K Alagiri,Madurai,Dravida Munnetra Kazhagam,Tamil Nadu,,No,,"19,39,78,895 1","19,39,78,895",M,30/01/1951,,,,,,,,,,,
393,J M Aaron Rashid,Theni,Indian National Congress,Tamil Nadu,,No,,"24,89,74,573 2","24,89,74,573",M,13/05/1950,,,,,,,,,,,
394,Manicka Tagore,Virudhunagar,Indian National Congress,Tamil Nadu,,https://twitter.com/manickatagore,,"33,13,910 33 L","33,13,910",M,06/01/1975,,,,,,,,,,,
395,JK Rithesh,Ramanathapuram,Dravida Munnetra Kazhagam,Tamil Nadu,,https://twitter.com/Jk_Ritheesh,,"12,28,20,653","12,28,20,653",M,03/05/1973,,,,,,,,,,,
396,S. R. Jeyadurai,Thoothukkudi,Dravida Munnetra Kazhagam,Tamil Nadu,,No,,"8,75,26,313 8","8,75,26,313",M,19/03/1969,,,,,,,,,,,
397,P. Lingam,Tenkasi,Communist Party of India,Tamil Nadu,,No,,"1,59,365 1 Lacs","1,59,365",M,14/02/1966,,,,,,,,,,,
398,S. Ramasubbu,Tirunelveli,Indian National Congress,Tamil Nadu,,No,,"3,47,06,447 3","3,47,06,447",M,#N/A,,,,,,,,,,,
399,Helen Davidson J,Kanniyakumari,Dravida Munnetra Kazhagam,Tamil Nadu,,https://twitter.com/helendavidson,,"4,84,55,728 4","4,84,55,728",F,18/07/1971,,,,,,,,,,,
400,Khagen Das,Tripura West,Communist Party of India (Marxist),Tripura,,No,,"34,92,580 34 L","34,92,580",M,09/04/1937,,,,,,,,,,,
401,Baju Ban Riyan,Tripura East,Communist Party of India (Marxist),Tripura,,No,,"36,95,981 36 L","36,95,981",M,13/03/1941,,,,,,,,,,,
402,Jagdish Singh Rana,Saharanpur,Bahujan Samaj Party,Uttar Pradesh,,No,,"1,88,67,277 1","1,88,67,277",M,#N/A,,,,,,,,,,,
403,Tabassum Begum,Kairana,Bahujan Samaj Party,Uttar Pradesh,https://www.facebook.com/pages/Tabassum-Begum/112345262111024,No,,"1,16,67,328 1","1,16,67,328",F,25/12/1970,,,,,,,,,,,
404,Kadir Rana,Muzaffarnagar,Bahujan Samaj Party,Uttar Pradesh,,No,,"5,84,51,906 5","5,84,51,906",M,#N/A,,,,,,,,,,,
405,Sanjay Singh Chauhan,Bijnor,Rashtriya Lok Dal,Uttar Pradesh,,No,,"3,53,52,625 3","3,53,52,625",M,#N/A,,,,,,,,,,,
406,Yashvir Singh,Nagina,Samajwadi Party,Uttar Pradesh,,No,,"7,84,562 7 Lacs","7,84,562",M,12/12/1972,,,,,,,,,,,
407,Mohammed Azharuddin,Moradabad,Indian National Congress,Uttar Pradesh,,https://twitter.com/mpazhar,,"2,52,33,948 2","2,52,33,948",M,02/08/1963,,,,,,,,,,,
408,Jaya Prada Nahata,Rampur,Samajwadi Party,Uttar Pradesh,,No,,"13,14,90,118 1","13,14,90,118",F,04/03/1962,,,,,,,,,,,
409,Shafiqur Rahman Barq,Sambhal,Bahujan Samaj Party,Uttar Pradesh,,No,,"70,59,763 70 L","70,59,763",M,07/11/1930,,,,,,,,,,,
410,Devendra Nagpal,Amroha,Suspended From RLD,Uttar Pradesh,,No,,"13,24,25,712 1","13,24,25,712",M,#N/A,,,,,,,,,,,
411,Rajendra Agarwal,Meerut,Bharatiya Janata Party,Uttar Pradesh,,https://twitter.com/RajendraJBP,,"27,60,630 27 L","27,60,630",M,10/02/1949,,,,,,,,,,,
412,Ajit Singh,Baghpat,Rashtriya Lok Dal,Uttar Pradesh,,No,,"5,82,32,462 5","5,82,32,462",M,02/12/1939,,,,,,,,,,,
413,Rajnath Singh,Ghaziabad,Bharatiya Janata Party,Uttar Pradesh,,https://twitter.com/BJPRajnathSingh,,"1,45,36,703 1","1,45,36,703",M,07/10/1951,,,,,,,,,,,
414,Surendra Singh Nagar,Gautam Buddh Nagar,Bahujan Samaj Party,Uttar Pradesh,,No,,"49,20,84,300","49,20,84,300",M,#N/A,,,,,,,,,,,
415,Kamlesh Balmiki,Bulandshahr,Samajwadi Party,Uttar Pradesh,,No,,"5,53,005 5 Lacs","5,53,005",M,03/12/1967,,,,,,,,,,,
416,Raj Kumari Chauhan,Aligarh,Bahujan Samaj Party,Uttar Pradesh,,No,,"3,40,34,506 3","3,40,34,506",F,15/01/1969,,,,,,,,,,,
417,Sarika Singh,Hathras,Suspended From RLD,Uttar Pradesh,,No,,"8,25,272 8 Lacs","8,25,272",F,08/09/1980,,,,,,,,,,,
418,Jayant Chaudhary,Mathura,Rashtriya Lok Dal,Uttar Pradesh,https://www.facebook.com/JayantRLD,No,,"3,02,04,219 3","3,02,04,219",M,27/12/1978,,,,,,,,,,,
419,Ramshankar,Agra,Bharatiya Janata Party,Uttar Pradesh,,No,,"15,11,000 15 L","15,11,000",M,21/09/1964,,,,,,,,,,,
420,Seema Upadhyay,Fatehpur Sikri,Bahujan Samaj Party,Uttar Pradesh,,No,,"2,65,45,096 2","2,65,45,096",F,09/04/1965,,,,,,,,,,,
421,Raj Babbar,Firozabad,Indian National Congress,Uttar Pradesh,,No,,"4,44,09,557 4","4,44,09,557",M,23/06/1952,,,,,,,,,,,
422,Mulayam Singh Yadav,Mainpuri,Samajwadi Party,Uttar Pradesh,,https://twitter.com/mulayamsingh,,"2,23,99,310 2","2,23,99,310",M,22/11/1939,,,,,,,,,,,
423,Kalyan Singh R O Madholi,Etah,Bharatiya Janata Party,Uttar Pradesh,,No,,"38,80,000 38 L","38,80,000",M,01/05/1932,,,,,,,,,,,
424,Dharmendra Yadav,Badaun,Samajwadi Party,Uttar Pradesh,,No,,"56,82,299 56 L","56,82,299",M,02/03/1979,,,,,,,,,,,
425,Maneka Gandhi,Aonla,Bharatiya Janata Party,Uttar Pradesh,,https://twitter.com/ManekaGandhi1,,"17,60,10,979 1","17,60,10,979",F,26/08/1956,,,,,,,,,,,
426,Praveen Singh Aron,Bareilly,Indian National Congress,Uttar Pradesh,,No,,"28,80,19,293 2","28,80,19,293",M,05/08/1959,,,,,,,,,,,
427,Feroze Varun Gandhi,Pilibhit,Bharatiya Janata Party,Uttar Pradesh,,https://twitter.com/varungandhi80,,"4,92,67,810 4","4,92,67,810",M,#N/A,,,,,,,,,,,
428,Mithlesh,Shahjahanpur,Samajwadi Party,Uttar Pradesh,,No,,"85,35,655 85 L","85,35,655",M,11/05/1964,,,,,,,,,,,
429,Zafar Ali Naqvi,Kheri,Indian National Congress,Uttar Pradesh,,No,,"39,79,881 39 L","39,79,881",M,#N/A,,,,,,,,,,,
430,Kunwar Jitin Prasad,Dhaurahra,Indian National Congress,Uttar Pradesh,,No,,"3,26,56,975 3","3,26,56,975",M,29/11/1973,,,,,,,,,,,
431,Kaisar Jahan,Sitapur,Bahujan Samaj Party,Uttar Pradesh,,No,,"65,53,956 65 L","65,53,956",F,#N/A,,,,,,,,,,,
432,Usha Verma,Hardoi,Samajwadi Party,Uttar Pradesh,,No,,"1,01,11,699 1","1,01,11,699",F,05/05/1963,,,,,,,,,,,
433,Ashok Kumar Rawat,Misrikh,Bahujan Samaj Party,Uttar Pradesh,,No,,"62,21,049 62 L","62,21,049",M,#N/A,,,,,,,,,,,
434,Annu Tandon,Unnao,Indian National Congress,Uttar Pradesh,,No,,"42,13,52,745 4","42,13,52,745",F,15/11/1957,,,,,,,,,,,
435,Sushila Saroj,Mohanlalganj,Samajwadi Party,Uttar Pradesh,https://www.facebook.com/pages/Sushila-Saroj/162173820543722,No,,"2,86,80,230 2","2,86,80,230",F,04/01/1951,,,,,,,,,,,
436,Lal Ji Tandon,Lucknow,Bharatiya Janata Party,Uttar Pradesh,,https://twitter.com/LaljiTandon1,,"2,17,00,160 2","2,17,00,160",M,04/12/1935,,,,,,,,,,,
437,Sonia Gandhi,Rae Bareli,Indian national congress,Uttar Pradesh,,https://twitter.com/SoniaGandhiG,,"1,37,94,768 1","1,37,94,768",F,12/09/1946,,,,,,,,,,,
438,Rahul Gandhi,Amethi,Indian National Congress,Uttar Pradesh,,https://twitter.com/BeWithRG,,"2,32,74,706 2","2,32,74,706",M,19/06/1970,,,,,,,,,,,
439,Sanjay Singh,Sultanpur,Indian National Congress,Uttar Pradesh,,https://twitter.com/sanjayazadsln,,"6,22,59,720 6","6,22,59,720",M,25/09/1951,,,,,,,,,,,
440,Rajkumari Ratna Singh,Pratapgarh,Indian National Congress,Uttar Pradesh,,No,,"67,82,70,635 6","67,82,70,635",M,29/04/1959,,,,,,,,,,,
441,Salman Khursheed,Farrukhabad,Indian National Congress,Uttar Pradesh,,No,,"2,61,40,421 2","2,61,40,421",M,01/01/1953,,,,,,,,,,,
442,Premdas,Etawah,Samajwadi Party,Uttar Pradesh,https://www.facebook.com/pages/Premdas-Katheria/327926203910644,No,,"42,28,828 42 L","42,28,828",M,01/10/1965,,,,,,,,,,,
443,Dimple Yadav,Kannauj,Samajwadi Party,Uttar Pradesh,https://www.facebook.com/pages/Dimple-yadav/304636649630894,No,,"4,85,82,202 4","4,85,82,202",F,15/01/1978,,,,,,,,,,,
444,Sri Prakash Jaiswal,Kanpur,Indian National Congress,Uttar Pradesh,,No,,"3,07,67,980 3","3,07,67,980",M,25/09/1944,,,,,,,,,,,
445,Rajaram Pal,Akbarpur,Indian National Congress,Uttar Pradesh,,No,,"44,00,000 44 L","44,00,000",M,20/11/1960,,,,,,,,,,,
446,Ghansyam Anuragi,Jalaun,Samajwadi Party,Uttar Pradesh,https://www.facebook.com/MrGhanshyamAnuragi,No,,"61,25,833 61 L","61,25,833",M,15/12/1972,,,,,,,,,,,
447,Pradeep Jain Aditya,Jhansi,Indian National Congress,Uttar Pradesh,https://www.facebook.com/pages/Pradeep-Jain-Aditya/145134102182533,https://twitter.com/leaderpradeep,,"33,83,718 33 L","33,83,718",M,#N/A,,,,,,,,,,,
448,Vijay Bahadur Singh,Hamirpur,Suspended From BSP,Uttar Pradesh,,No,,"4,29,33,979 4","4,29,33,979",M,22/10/1940,,,,,,,,,,,
449,R. K. Singh Patel,Banda,Samajwadi Party,Uttar Pradesh,https://www.facebook.com/pages/RKSingh-Patel/205103886254836,https://twitter.com/rksinghpatel,,"3,41,07,955 3","3,41,07,955",M,07/03/1959,,,,,,,,,,,
450,Rakesh Sachan,Fatehpur,Samajwadi Party,Uttar Pradesh,https://www.facebook.com/RakeshSachanmpFatehpur,No,,"4,09,55,596 4","4,09,55,596",M,20/12/1964,,,,,,,,,,,
451,Shailendra Kumar,Kaushambi,Samajwadi Party,Uttar Pradesh,,No,,"1,21,28,999 1","1,21,28,999",M,25/07/1960,,,,,,,,,,,
452,Kapil Muni Karwariya,Phulpur,Bahujan Samaj Party,Uttar Pradesh,,No,,0,0,M,03/02/1967,,,,,,,,,,,
453,Kunwar Rewati Raman Singh,Allahabad,Samajwadi Party,Uttar Pradesh,,https://twitter.com/rewati_mp,,"1,84,00,164 1","1,84,00,164",M,10/05/1943,,,,,,,,,,,
454,P. L. Punia,Barabanki,Indian National Congress,Uttar Pradesh,,https://twitter.com/plpunia,,"1,40,47,833 1","1,40,47,833",M,23/01/1945,,,,,,,,,,,
455,Nirmal Khatri,Faizabad,Indian National Congress,Uttar Pradesh,,No,,"66,70,000 66 L","66,70,000",M,01/04/1951,,,,,,,,,,,
456,Rakesh Pandey,Ambedkar Nagar,Bahujan Samaj Party,Uttar Pradesh,,No,,"16,40,08,904","16,40,08,904",M,#N/A,,,,,,,,,,,
457,Kamal Kishor,Bahraich,Indian National Congress,Uttar Pradesh,,No,,"13,73,495 13 L","13,73,495",M,#N/A,,,,,,,,,,,
458,Brijbhushan Sharan Singh,Kaiserganj,Samajwadi Party,Uttar Pradesh,,No,,"5,35,37,885 5","5,35,37,885",M,01/08/1957,,,,,,,,,,,
459,Vinay Kumar,Shrawasti,Indian National Congress,Uttar Pradesh,,No,,"1,57,43,200 1","1,57,43,200",M,18/06/1964,,,,,,,,,,,
460,Beni Prasad Verma,Gonda,Indian National Congress,Uttar Pradesh,,No,,"1,99,13,574 1","1,99,13,574",M,02/11/1941,,,,,,,,,,,
461,Jagdambika Pal,Domariyaganj,Indian National Congress,Uttar Pradesh,,https://twitter.com/Jagdambika,,"4,97,21,330 4","4,97,21,330",M,#N/A,,,,,,,,,,,
462,Arvind Kumar Chaudhary,Basti,Bahujan Samaj Party,Uttar Pradesh,,No,,"1,86,43,936 1","1,86,43,936",M,#N/A,,,,,,,,,,,
463,Bhisma Shankar,Sant Kabir Nagar,Bahujan Samaj Party,Uttar Pradesh,,No,,"3,17,56,944","3,17,56,944",M,30/09/1960,,,,,,,,,,,
464,Harsh Vardhan,Maharajganj,Indian National Congress,Uttar Pradesh,,No,,"1,70,50,000 1","1,70,50,000",M,20/11/1953,,,,,,,,,,,
465,Adityanath,Gorakhpur,Bharatiya Janata Party,Uttar Pradesh,,https://twitter.com/yogiaadityanath,,"21,82,212 21 L","21,82,212",M,06/05/1972,,,,,,,,,,,
466,Nagar Ku. Ratanjeet Pratap Narayan Singh,Kushi Nagar,Indian National Congress,Uttar Pradesh,,https://twitter.com/SinghRPN,,"3,99,75,893 3","3,99,75,893",M,25/04/1964,,,,,,,,,,,
467,Gorakh Prasad Jaiswal,Deoria,Bahujan Samaj Party,Uttar Pradesh,,No,,"2,42,17,040 2","2,42,17,040",M,#N/A,,,,,,,,,,,
468,Kamlesh Paswan,Bansgaon,Bharatiya Janata Party,Uttar Pradesh,,No,,"16,68,000 16 L","16,68,000",M,08/06/1976,,,,,,,,,,,
469,Baliram,Lalganj,Bahujan Samaj Party,Uttar Pradesh,,No,,"80,03,128 80 L","80,03,128",M,14/06/1954,,,,,,,,,,,
470,Ramakant Yadav,Azamgarh,Bharatiya Janata Party,Uttar Pradesh,,No,,"2,72,94,000 2","2,72,94,000",M,07/01/1957,,,,,,,,,,,
471,Dara Singh Chauhan,Ghosi,Bahujan Samaj Party,Uttar Pradesh,,No,,"20,42,000 20 L","20,42,000",M,25/07/1963,,,,,,,,,,,
472,Ramashankar Rajbhar,Salempur,Bahujan Samaj Party,Uttar Pradesh,,No,,"23,05,500 23 L","23,05,500",M,#N/A,,,,,,,,,,,
473,Neeraj Shekhar,Ballia,Samajwadi Party,Uttar Pradesh,,https://twitter.com/MPNeerajShekhar,,"2,77,18,262 2","2,77,18,262",M,#N/A,,,,,,,,,,,
474,Dhananjay Singh,Jaunpur,Bahujan Samaj Party,Uttar Pradesh,,No,,"43,62,656 43 L","43,62,656",M,16/07/1975,,,,,,,,,,,
475,Tufani Saroj,Machhlishahr,Samajwadi Party,Uttar Pradesh,,No,,"53,36,163 53 L","53,36,163",M,07/02/1956,,,,,,,,,,,
476,Radhey Mohan Singh,Ghazipur,Samajwadi Party,Uttar Pradesh,https://www.facebook.com/pages/Radhe-Mohan-Singh-MP/187398641340969,No,,"2,20,62,609 2","2,20,62,609",M,04/03/1967,,,,,,,,,,,
477,Ramkishun,Chandauli,Samajwadi Party,Uttar Pradesh,,No,,"46,72,785 46 L","46,72,785",M,08/03/1956,,,,,,,,,,,
478,Rajesh Mishra,Varanasi,Bharatiya Janata Party,Uttar Pradesh,,No,,"5,44,75,345 5","5,44,75,345",M,01/05/1934,,,,,,,,,,,
479,Gorakh Nath Pandey,Bhadohi,Bahujan Samaj Party,Uttar Pradesh,,No,,"1,01,67,748 1","1,01,67,748",M,25/04/1951,,,,,,,,,,,
480,Bal Kumar Patel,Mirzapur,Samajwadi Party,Uttar Pradesh,,No,,"2,29,78,000 2","2,29,78,000",M,01/01/1964,,,,,,,,,,,
481,Pakauri Lal,Robertsganj,Samajwadi Party,Uttar Pradesh,,No,,"17,62,515 17 L","17,62,515",M,#N/A,,,,,,,,,,,
482,Raj Lakshmi,Tehri Garhwal,Bharatiya Janta Party,Uttarakhand,,No,,"1,35,01,773 1","1,35,01,773",F,23/08/1950,,,,,,,,,,,
483,Satpal Maharaj,Garhwal,Indian National Congress,Uttarakhand,,No,,"11,21,36,795 1","11,21,36,795",M,21/09/1951,,,,,,,,,,,
484,Pradeep Tamta,Almora,Indian National Congress,Uttarakhand,,https://twitter.com/mpalmora486,,"15,90,000 15 L","15,90,000",M,16/06/1958,,,,,,,,,,,
485,K. C. Singh Baba,Nainital-Udhamsingh Nagar,Indian National Congress,Uttarakhand,,No,,"4,39,87,049","4,39,87,049",M,29/03/1947,,,,,,,,,,,
486,Harish Rawat,Hardwar,Indian National Congress,Uttarakhand,,No,,"1,18,25,335 1","1,18,25,335",M,27/04/1948,,,,,,,,,,,
487,Nripendra Nath Roy,Cooch Behar,All India Forward Bloc,West Bengal,,No,,"11,33,170","11,33,170",M,#N/A,,,,,,,,,,,
488,Manohar Tirkey,Alipurduars,Revolutionary Socialist Party,West Bengal,,No,,"19,08,725 19 L","19,08,725",M,20/11/1953,,,,,,,,,,,
489,Mahendra Kumar Roy,Jalpaiguri,Communist Party of India (Marxist),West Bengal,,No,,"28,78,591 28 L","28,78,591",M,#N/A,,,,,,,,,,,
490,Jaswant Singh,Darjeeling,Bharatiya Janata Party,West Bengal,,https://twitter.com/jaswantsingh003,,"8,35,71,845 8","8,35,71,845",M,01/03/1938,,,,,,,,,,,
491,Deepa Dasmunsi,Raiganj,Indian National Congress,West Bengal,,No,,"1,25,14,145 1","1,25,14,145",F,15/07/1960,,,,,,,,,,,
492,Prasanta Kumar Majumdar,Balurghat,Revolutionary Socialist Party,West Bengal,,No,,"16,16,872 16 L","16,16,872",M,#N/A,,,,,,,,,,,
493,Mausam Noor,Maldaha Uttar,Indian National Congress,West Bengal,,https://twitter.com/mausam_noor,,"19,47,359 19 L","19,47,359",F,15/10/1979,,,,,,,,,,,
494,Abu Hasem Khan Choudhury,Maldaha Dakshin,Indian National Congress,West Bengal,,No,,"87,82,797","87,82,797",M,01/12/1938,,,,,,,,,,,
495,Abhijit Mukherjee,Jangipur,Indian National Congress,West Bengal,,https://twitter.com/abhijitpranab,,"2,69,20,479 2","2,69,20,479",M,01/02/1960,,,,,,,,,,,
496,Adhir Ranjan Chowdhury,Baharampur,Indian National Congress,West Bengal,,No,,"2,99,43,557 2","2,99,43,557",M,04/02/1956,,,,,,,,,,,
497,Abdul Mannan Hossain,Murshidabad,Indian National Congress,West Bengal,,No,,"17,09,788 17 L","17,09,788",M,#N/A,,,,,,,,,,,
498,Tapas Paul,Krishnanagar,All India Trinamool Congress,West Bengal,,No,,"96,14,227 96 L","96,14,227",M,08/02/1958,,,,,,,,,,,
499,Sucharu Ranjan Haldar,Ranaghat,All India Trinamool Congress,West Bengal,,No,,"1,08,82,896 1","1,08,82,896",M,#N/A,,,,,,,,,,,
500,Gobinda Chandra Naskar,Bangaon,All India Trinamool Congress,West Bengal,,No,,"25,49,515 25 L","25,49,515",M,16/06/1941,,,,,,,,,,,
501,Dinesh Trivedi,Barrackpore,All India Trinamool Congress,West Bengal,,https://twitter.com/DinTri,,"2,72,03,930","2,72,03,930",M,#N/A,,,,,,,,,,,
502,Saugata Roy,Dum Dum,All India Trinamool Congress,West Bengal,,No,,"39,71,408 39 L","39,71,408",M,08/06/1947,,,,,,,,,,,
503,Kakali Ghosh Dastidar,Barasat,All India Trinamool Congress,West Bengal,,No,,"1,25,76,300 1","1,25,76,300",F,23/11/1959,,,,,,,,,,,
504,Haji Nurul Islam,Basirhat,All India Trinamool Congress,West Bengal,,No,,"11,55,500 11 L","11,55,500",M,11/11/1963,,,,,,,,,,,
505,Tarun Mondal,Joynagar,Socialist Unity Centre of India,West Bengal,,No,,"18,56,636","18,56,636",M,#N/A,,,,,,,,,,,
506,Choudhury Mohan Jatua,Mathurapur,All India Trinamool Congress,West Bengal,,No,,"25,85,000 25 L","25,85,000",M,#N/A,,,,,,,,,,,
507,Somendra Nath Mitra,Diamond Harbour,All India Trinamool Congress,West Bengal,,No,,"1,41,80,832","1,41,80,832",M,#N/A,,,,,,,,,,,
508,Kabir Suman,Jadavpur,All India Trinamool Congress,West Bengal,,https://twitter.com/kabirsumandotin,,"32,06,685 32 L","32,06,685",M,16/03/1950,,,,,,,,,,,
509,Mamata Banerjee,Kolkata Dakshin,All India Trinamool Congress,West Bengal,,https://twitter.com/MA_MATI_MANUSH,,"4,73,194","4,73,194",M,23/07/1950,,,,,,,,,,,Original Seat
510,Sudip Bandyopadhyay,Kolkata Uttar,All India Trinamool Congress,West Bengal,,https://twitter.com/Sudip_TMC,,"41,87,479 41 L","41,87,479",M,12/10/1952,,,,,,,,,,,
511,Prasun Banerjee,Howrah,All India Trinamool Congress,West Bengal,,https://twitter.com/football_prasun,,"6,29,26,674 6","6,29,26,674",M,#N/A,,,,,,,,,,,
512,Sultan Ahmed,Uluberia,All India Trinamool Congress,West Bengal,,No,,"60,26,230 60 L","60,26,230",M,06/06/1953,,,,,,,,,,,
513,Kalyan Banerjee,Sreerampur,All India Trinamool Congress,West Bengal,,No,,"1,61,46,266 1","1,61,46,266",M,#N/A,,,,,,,,,,,
514,Ratna De (Nag),Hooghly,All India Trinamool Congress,West Bengal,,No,,"87,30,448 87 L","87,30,448",F,09/06/1948,,,,,,,,,,,
515,Malik Sakti Mohan,Arambagh,Communist Party of India (Marxist),West Bengal,,No,,"24,15,310","24,15,310",M,#N/A,,,,,,,,,,,
516,Suvendu Adhikari,Tamluk,All India Trinamool Congress,West Bengal,,https://twitter.com/Suvenduadhikari,,"47,51,934 47 L","47,51,934",M,15/12/1970,,,,,,,,,,,
517,Sisir Adhikari,Kanthi,All India Trinamool Congress,West Bengal,,No,,"10,83,159 10 L","10,83,159",M,19/09/1941,,,,,,,,,,,
518,Gurudas Dasgupta,Ghatal,Communist Party of India,West Bengal,,No,,"36,54,001 36 L","36,54,001",M,11/03/1936,,,,,,,,,,,
519,Pulin Bihari Baske,Jhargram,Communist Party of India (Marxist),West Bengal,,No,,"14,84,298 14 L","14,84,298",M,#N/A,,,,,,,,,,,
520,Prabodh Panda,Medinipur,Communist Party of India,West Bengal,,No,,"22,30,746 22 L","22,30,746",M,02/07/1946,,,,,,,,,,,
521,Narahari Mahato,Purulia,All India Forward Bloc,West Bengal,,No,,"30,86,000 30 L","30,86,000",M,03/10/1956,,,,,,,,,,,
522,Acharia Basudeb,Bankura,Communist Party of India (Marxist),West Bengal,,No,,"32,49,037 32 L","32,49,037",M,07/11/1942,,,,,,,,,,,
523,Susmita Bauri,Bishnupur,Communist Party of India (Marxist),West Bengal,,No,,"10,78,000 10 L","10,78,000",F,01/05/1975,,,,,,,,,,,
524,Anup Kumar Saha,Bardhaman Purba,Communist Party of India (Marxist),West Bengal,,No,,"86,22,944","86,22,944",M,23/01/1956,,,,,,,,,,,
525,Sk. Saidul Haque,Burdwan-Durgapur,Communist Party of India (Marxist),West Bengal,,No,,"24,14,520","24,14,520",M,#N/A,,,,,,,,,,,
526,Bansa Gopal Chowdhury,Asansol,Communist Party of India (Marxist),West Bengal,,No,,"14,23,763 14 L","14,23,763",M,#N/A,,,,,,,,,,,
527,Ram Chandra Dome,Bolpur,Communist Party of India (Marxist),West Bengal,,No,,"7,39,396 7 Lacs","7,39,396",M,02/08/1959,,,,,,,,,,,
528,Satabdi Roy,Birbhum,All India Trinamool Congress,West Bengal,,No,,"1,31,48,000 1","1,31,48,000",F,10/05/1969,,,,,,,,,,,
529,Bishnu Pada Ray,Andaman and Nicobar Islands,Bharatiya Janata Party,Andaman and Nicobar Islands,,No,,"12,41,034","12,41,034",M,19/06/1950,,,,,,,,,,,
530,Pawan Kumar Bansal,Chandigarh,Indian National Congress,Chandigarh,,https://twitter.com/MPPawanBansal,,"3,87,29,400 3","3,87,29,400",M,16/07/1948,,,,,,,,,,,
531,Patel Natubhai Gomanbhai,Dadar and Nagar Haveli,Bharatiya Janata Party,Dadra and Nagar Haveli,,No,,"8,34,94,860","8,34,94,860",M,#N/A,,,,,,,,,,,
532,Lalubhai Patel,Daman and Diu,Bharatiya Janata Party,Daman and Diu,,https://twitter.com/LalubhaiPatel,,"3,68,79,385","3,68,79,385",M,31/08/1955,,,,,,,,,,,
533,Kapil Sibal,Chandni Chowk,Indian National Congress,NCT of Delhi,,No,,"30,34,43,791","30,34,43,791",M,08/08/1948,,,,,,,,,,,
534,Jai Prakash Agarwal,North East Delhi,Indian National Congress,NCT of Delhi,,No,,"2,49,28,873","2,49,28,873",M,11/11/1944,,,,,,,,,,,
535,Sandeep Dikshit,East Delhi,Indian National Congress,NCT of Delhi,,https://twitter.com/SandeepDikshit,,"2,27,46,428 2","2,27,46,428",M,15/08/1964,,,,,,,,,,,
536,Ajay Makan,New Delhi,Indian National Congress,NCT of Delhi,,https://twitter.com/ajaymaken,,"4,01,48,040 4","4,01,48,040",M,#N/A,,,,,,,,,,,
537,Krishna Tirath,North West Delhi,Indian National Congress,NCT of Delhi,,No,,"2,11,46,350","2,11,46,350",F,03/03/1955,,,,,,,,,,,
538,Mahabal Mishra,West Delhi,Indian National Congress,NCT of Delhi,,No,,"6,20,00,588 6","6,20,00,588",M,31/07/1953,,,,,,,,,,,
539,Ramesh Kumar,South Delhi,Indian National Congress,NCT of Delhi,,No,,"2,58,45,997 2","2,58,45,997",M,20/04/1955,,,,,,,,,,,
540,Muhammed Hamdulla Sayeed,Lakshadweep,Indian National Congress,Lakshadweep,,https://twitter.com/mpHamdulla,,"2,09,77,767 2","2,09,77,767",M,04/11/1982,,,,,,,,,,,
541,V. Narayanasamy,Puducherry,Indian National Congress,Puducherry,,No,,"3,57,79,157","3,57,79,157",M,30/05/1947,,,,,,,,,,,